"#darkdigital:the sim v2.0","Vampy","s/simdd2.zip","(None)"
"#darkdigital:the sim","Vampy","s/simdd.zip","(None)"
"#Play - A Collection of ZZT Music","WiL","1num/#play(v4).zip","(None)"
"#play 5","WiL","1num/play5.zip","(None)"
"/frozen/ Soundtrack","coolzx","1a_zmusic/fsoundtr.zip","(None)"
"/FROZEN/","coolzx","f/frozen.zip","(None)"
"1 Object Fire","Barney9651","1num/1objfire.zip","(None)"
"1000 Dancing People sing with sub-machine guns","God","1num/1000pcorrect.zip","(None)"
"16 Horribly Boring Games That Will Keep You On The Edge Of Your Chair","Michael Barash","b/Boring.zip","(None)"
"2024:Enemies","David Hetrick","1num/2024enem.zip","(None)"
"2067:The Return","David Hetrick","1num/2067retu.zip","(None)"
"2178:Last Battle","David Hetrick","1num/2178last.zip","(None)"
"3057","Mr. Floyd","w/wolf.zip","(None)"
"3D Talk Engine","Mew","1num/3dtalk.zip","(None)"
"4","jojoisjo","f/four.zip","(None)"
"5 Screen Title","David Whitlark","1num/5screen.zip","(None)"
"A Few More Hours Downtown","_Ryosuke_","d/downpast.zip","(None)"
"A Mind To Retaliate","Master Raze","a/amtretaliate.zip","(None)"
"aag2","Wong Chung Bang","a/aag.zip","(None)"
"aag3","Wong Chung Bang","a/aag3.zip","(None)"
"Acabee","John Raptor","a/acabee.zip","(None)"
"Aceland","Prakash Padole","a/aceland.zip","(None)"
"Advanced ZZT","Novacainn","a/advncdop.zip","(None)"
"Adventure in Ianland II","","i/ianland2.zip","(None)"
"Adventure of Bertil","","b/Bertil.zip","(None)"
"Adventure Part 2","","a/adv2.zip","(None)"
"Adventure ","Tony Rivera","a/adv1.zip","(None)"
"Adventures in Jaconia 1-6","LordKadro","j/Jaconia.zip","(None)"
"Adventures in Jaconia Remake","Kadro","a/advjdem.zip","(None)"
"Adventures with Neesboy","Orange698/Nees","a/neesboy.zip","(None)"
"Adventures/Buzz Ultra","Bill Meeks","u/ultrawar.zip","(None)"
"Adventures/Darkmarth","Walter Flood","d/drkmarth.zip","(None)"
"Adventures/ZXY ","Tim Dean","t/tim0.zip","(None)"
"After Pain Talks","Scott Miller","a/apt.zip","(None)"
"AKFont","AKWare","1a_zfonts/aktk.zip","(None)"
"AKMag #1","AKWare","a/akmag1.zip","(None)"
"AKMag #2","AKWare","a/akmag2.zip","(None)"
"AKMag #3","AKWare","a/akmag3.zip","(None)"
"AKMag #4 ","AKWare","a/akmag4.zip","(None)"
"AKMag #5","AKWare","a/akmag5.zip","(None)"
"AKMag #6","AKWare","a/akmag6.zip","(None)"
"AKMag #7","AKWare","a/akmag7.zip","(None)"
"Alex Yabb - When Darkness Falls","Sepe","w/wdf.zip","(None)"
"Aliens!","GameMstr1","a/aliensb.zip","(None)"
"Aliens","AJ Miller","a/aliens.zip","(None)"
"Alien","Evan Darrow","a/alien.zip","(None)"
"Alpha Wars","Parell","a/awars.zip","(None)"
"Amegas - The Uprise's title screen music","Jacob Hammond","1a_zmusic/uprzzm.zip","(None)"
"American Society Demo","Apple McTom","a/amesocdemo.zip","(None)"
"American Spy Demo","JM","s/spydemo.zip","(None)"
"Ancient Castle of the Dogs","Newt","d/dog-cast.zip","(None)"
"Anilihator","","a/anihil8r.zip","(None)"
"Animosity Demo","Master Raze","a/anim_demo.zip","(None)"
"Anole Man","Matt Sagen","a/anole.zip","(None)"
"Anthropoid Demo","Nuero","a/anthdemo.zip","(None)"
"Anthropoid","Nuero","a/anth.zip","(None)"
"AOL Compilation","Various","a/AOL Compilation.zip","(None)"
"Area 51","FlareSoft","a/area51.zip","(None)"
"Arena 2","","a/arena-2.zip","(None)"
"Arena 2","RinGames","a/arena2.zip","(None)"
"Arena","","t/thearena.zip","(None)"
"Arena: Gamer Demo","El Capitan","g/grkarena.zip","(None)"
"Arena","Herbie Piland","a/arena.zip","(None)"
"Army of Darkness","Teraptus13","a/armyd.zip","(None)"
"Artwork Collection v0.1","Various","a/artwork1.zip","(None)"
"Asbestos 2","Vampy","a/a2.zip","(None)"
"Asbestos","Vampy","a/asbestos.zip","(None)"
"Asmodeus","Anthony Testa","a/asmodeus.zip","(None)"
"Assassin 1 & 2","Andrew Wagster","a/assassin.zip","(None)"
"Assassin of Time","Bubba/NMZmaster","a/AsnDemo.zip","(None)"
"Asteroids","Dan X-scape Interactive","a/aster.zip","(None)"
"asteroth mag","James Ramsey (asteroth)","a/asterothmag1.zip","(None)"
"Atlantis","TearDragon","a/atlantis.zip","(None)"
"Atmosphere","paladinkht","a/atmosper.zip","(None)"
"Attack of the Smilies","booth","s/smilies.zip","(None)"
"Attack of the Snargles","Keebler","s/snargles.zip","(None)"
"AuroraMag #1","AuroraSoft","a/aurora1.zip","(None)"
"AuroraMag#2","AuroraSoft","a/Aurora02.zip","(None)"
"Avi's Warehouse 4","Avi Comics","a/aviswrh4.zip","(None)"
"Axeman","Avatar48","a/Axeman.zip","(None)"
"Aztδc","Insane Moose","a/Aztec.zip","(None)"
"B-Movie","Fishfood","b/bmovie.zip","(None)"
"B-Town","Redmage","b/btown.zip","(None)"
"Bad Kids","Jeremy Kuehnau","b/badkids.zip","(None)"
"Bajs","","b/bajs.zip","(None)"
"Banana Quest - Rejects","WiL","b/bqreject.zip","(None)"
"Banana Quest Trailer","WiL","b/bqtrail.zip","(None)"
"Banana Quest","WiL","1a_zfonts/bananaq.zip","(None)"
"Bantar Quest","David Hetrick","b/bantarqu.zip","(None)"
"Barg","Zamboni","b/barg.zip","(None)"
"Barney Exterminator ][","AKWare","1a_zfonts/be2.zip","(None)"
"Barney Shooting Gallery","yenrab","b/barndie.zip","(None)"
"Barney's Dungeon","ZZFreak","b/bdungeon.zip","(None)"
"Bathroom: SE","_Ryosuke_","b/bath-se.zip","(None)"
"Battle Maze 2 Demo","Apple McTom","b/battlem2demo.zip","(None)"
"Battle Maze Advanced","Apple McTom","b/Battleadvzzt.zip","(None)"
"Battle Maze","Apple McTom","b/bmaze.zip","(None)"
"Battle Tech Simulator","Dumgeezer","b/btechsim.zip","(None)"
"Battle Tech","Alex Drelick","b/battle.zip","(None)"
"Battletech Simulator Expansion","blindgoat","b/btsimpac.zip","(None)"
"Beam","Optimatics","b/beam.zip","(None)"
"Bear/Beer Hunting","Hercules&Hydra","h/hunting.zip","(None)"
"Beast of Krakenkana","CoolZx","b/bokdemo.zip","(None)"
"Beast Wars ZZT","Maullar_Maullar","b/beastwars.zip","(None)"
"Beavis&Butthead vs. Ren&Stimpy","Keebler","m/morons.zip","(None)"
"Beez","Unknown","b/beez.zip","(None)"
"Ben There","","b/Bentmt.zip","(None)"
"Benco Experience","","b/benco.zip","(None)"
"Berzerk 2000","Dr. Dos","b/berzerk.zip","(None)"
"Best of ZZT 2","Epic Megagames","b/bestzzt2.zip","(None)"
"Best of ZZT","Epic Megagames","b/bestzzt1.zip","(None)"
"Betazon Demo","","b/Betademo.zip","(None)"
"Big Leap","Chris Jong","b/bleapv13.zip","(None)"
"Big Stink","","t/tbstink.zip","(None)"
"Biosmart!","","b/biosmart.zip","(None)"
"Bizanloo","booth","b/bizanloo.zip","(None)"
"Black Carridge Was Drawn","","b/blackc1.zip","(None)"
"Black Hole","FredTC","b/blkhole.zip","(None)"
"Black Library","","b/blacklib.zip","(None)"
"Blastoid Demo","Ringworm & Mr.Happy","b/blstdemo.zip","(None)"
"Blending Kits","Various","b/blending.zip","(None)"
"Blind","Anthony Testa","b/blind.zip","(None)"
"Blood Oath","FFF Interactive","b/BLDOATH.zip","(None)"
"Bloodlines 1 & 2","Chase Bramlage","b/blinespack.zip","(None)"
"Bloodlines Disc 1","Chase Bramlage","b/bdisc1.zip","(None)"
"Bloodlines Disc 2","Chase Bramlage","b/blines2.zip","(None)"
"Blue Moon","Zenith","b/bluemoon.zip","(None)"
"Blue Town","","b/BLUEtown.zip","(None)"
"bluelloween","Blue Magus","b/blueween.zip","(None)"
"BlueWane","Anthony Testa","b/bluewane.zip","(None)"
"Bob 2","Newt","b/bob2newt.zip","(None)"
"Bob the Slug","Andrew Wagster","b/bobslug.zip","(None)"
"Bob: The Adventure","Newt","b/bobnewt.zip","(None)"
"Bobo 2","Jamik","b/boboii.zip","(None)"
"Bobo","Kev Vance","b/bobo.zip","(None)"
"Bocco11 Experience","","b/bocco11.zip","(None)"
"Bomb Squad! 1","Icaeres","s/squad1.zip","(None)"
"Bomb ZZT","voighdt","1a_zfonts/bombzzt.zip","(None)"
"BoOf: Remix","Chase Bramlage","b/boofremix.zip","(None)"
"Booplop","Guy Srivannsen","b/booplo.zip","(None)"
"Boretown","Michael Evans","b/Boretown.zip","(None)"
"Boulder Xod","dexter","b/bxod.zip","(None)"
"Boy's Zone","Wispy13372","b/boyszone.zip","(None)"
"Breakthru","ZZTurbo","b/breakthr.zip","(None)"
"Buck 70's Demo","Almighty Cow","b/buckdemo.zip","(None)"
"Buck 70's v2.0","Almighty Cow","b/buckver2.zip","(None)"
"Buck 70's","Almighty Cow","b/buck70s.zip","(None)"
"Bugdoo","Chris Rose","b/Bugdoo.zip","(None)"
"Bugtown","Greg Janson","b/bugtown.zip","(None)"
"Bullie Brawl","Chane__Link","b/bullyb.zip","(None)"
"Bum Squirrel:Part 1","Tenguman2k","b/BSPRT1.zip","(None)"
"Burger Joint","Madguy","b/burgerj.zip","(None)"
"Burglar Collection","skullie","b/burgcoll.zip","(None)"
"Burn Acid","tucan","b/burnacid.zip","(None)"
"Business Bob 2","Robin Miller","b/bob2.zip","(None)"
"Business Bob Update","Viovis","b/bob1u.zip","(None)"
"Business Bob","Robin Miller","b/bob1.zip","(None)"
"Butt","Blokeware","b/butt.zip","(None)"
"bxod iii","dexter","b/bxodiii.zip","(None)"
"Cactus Juice","_ry0suke_","c/cactus.zip","(None)"
"Calarian","Billtcm","c/calarian.zip","(None)"
"Canid #1","Flatcoat Lab","c/canid1.zip","(None)"
"Cannibal Island v2","Matt Williams","n/newcanib.zip","(None)"
"Cannibal Island","Greg Janson","c/cnblisle.zip","(None)"
"Captin Nick","Various","c/capnick.zip","(None)"
"Casino","Nzenik","c/casino.zip","(None)"
"Castle Dungeon","Guy Srivanssen","r/reg-dun.zip","(None)"
"Castle Search","Zach Ferris","c/csearch.zip","(None)"
"Castle V Demo","Dsone","c/CastleV.zip","(None)"
"Castle/Metacus","Unknown","m/metacus.zip","(None)"
"Castle/Therondic Llamas 0.05","ZZFreak","l/llama005.zip","(None)"
"Castle/ZaZoomDa","Keebler","z/zazoomda.zip","(None)"
"Castle/ZZT","HM","c/castle21.zip","(None)"
"Caterpillar","D.","c/caterpill.zip","(None)"
"Cavern Adventure","darkmage","c/caveadv.zip","(None)"
"Caverns","Greg Janson","c/caverns.zip","(None)"
"Caves of Death","Bloodstar64","c/cavesofdeath.zip","(None)"
"Caves of Fury","John Shipley","f/furcav15.zip","(None)"
"Centipede ZZT","voighdt","c/centizzt.zip","(None)"
"Cesidron: Episode 1: The Escape","ZaPRing","c/CE1.zip","(None)"
"Chaos II: Volcano","Andrew Martin","b/burn.zip","(None)"
"Chaos III: Escape","Andrew Martin","c/chaosiii.zip","(None)"
"Chaos Quest Demo (Update)","Thomas Ashcraft","c/chaosdemo2.zip","(None)"
"Chaos Quest Demo","PandaMan","c/chaosdemo.zip","(None)"
"Chaos","Unknown","1a_szzt/dragon.zip","(None)"
"Cheese","jojoisjo","c/cheese.zip","(None)"
"Chickenwire 1.5","Zenith","c/chknwire.zip","(None)"
"ChickenWire v1.8","Zenith Nadir","c/chickins.zip","(None)"
"Chronicles","Justin Taylor","c/crn-prvw.zip","(None)"
"Chrono Chaos 1","Michael Gaddass","c/cchaos.zip","(None)"
"Chrono Wars 1-7","Chronos","c/Cwars.zip","(None)"
"Chrono Wars 10","Chronos","c/Cwars10.zip","(None)"
"Chrono Wars 11","Chronos","c/cwars11.zip","(None)"
"Chrono Wars 12","Chronos","c/cwars12.zip","(None)"
"Chrono Wars 13","Chronos","c/cwars13.zip","(None)"
"Chrono Wars 8","Chronos","c/Cwars8.zip","(None)"
"Chrono Wars 9","Chronos","c/Cwars9.zip","(None)"
"Chrysilis","David Syas","c/chrysili.zip","(None)"
"City Adventure","AHMorrow","c/cityadv.zip","(None)"
"City of Darkness - Demo","Blade","d/DarkCityDemo.zip","(None)"
"City Of Monsters","","c/cityofmons.zip","(None)"
"City of the Stupid: Road Trip","Bongo","c/cots24hr.zip","(None)"
"CJ Wuzzle","Catherine Ryan","c/cjwuzzle.zip","(None)"
"Class Wars Demo","Master Raze","c/Class-war.zip","(None)"
"Class Wars","Master Raze","c/clwars.zip","(None)"
"Clayhemeth","Scott Miller","c/clay.zip","(None)"
"Cliche: A Guide for the Advanced ZZTer","Joe","c/clichegui.zip","(None)"
"Cliff","","c/cliff15.zip","(None)"
"Code Name Pickle","booth","p/PICKLE.zip","(None)"
"Code Red:Special Edition","","c/crse.zip","(None)"
"Code Red","Greg Janson","c/codered.zip","(None)"
"Coliseum","Luke Drelick","c/coliseum.zip","(None)"
"Colonies","WildFire","c/colonies.zip","(None)"
"Colors!","","c/Colors.ZIP","(None)"
"Come As You Are","","c/caya.zip","(None)"
"Comet","Matt Evans","c/cometc.zip","(None)"
"Compound","Anthony Testa","c/compound.zip","(None)"
"Continent","","c/Contin.zip","(None)"
"Cookies!","raichu0079","c/cookies.zip","(None)"
"Cool Stuff","Shadow","c/CoolStuf.zip","(None)"
"Coolness","Matt Williams","c/coolness.zip","(None)"
"Corrupt Mind","AKNeutron","c/corrupt.zip","(None)"
"Cosmic Wars","RazorBlade","c/coswars.zip","(None)"
"Counsil of the Palidin","Brian Cavner","p/palidi1.zip","(None)"
"Cow Crap","Almighty Cow","c/cowcrap.zip","(None)"
"Cowhead","Robert Huerto","c/cowhead.zip","(None)"
"Cowquest 4","Decoy","c/cowq4.zip","(None)"
"Crossfire","Dan Kurtz","c/crosfire.zip","(None)"
"Crunchy","clysm","c/crunchy.zip","(None)"
"Crusade","CPCTC","c/Crusade.zip","(None)"
"Crypt","","s/SSCrypt.zip","(None)"
"Crypt","Mark McIntyre","c/cryptx.zip","(None)"
"Cut-Scene Adventures #1 Demo","jimbob","c/csa1demo.zip","(None)"
"Cut-Scene Adventures #1: Demo","jimbob","c/csa1demo.ZIP","(None)"
"Cyberworld Demo","James Wong","c/cyberdem.zip","(None)"
"Cyberworld","James Wong","c/c-world.zip","(None)"
"D.mentia Happy Pack","","h/happypack.zip","(None)"
"D3M0","Benco/Coolzx","d/d3m0.zip","(None)"
"Da Hood:Special Edition","tseng","d/dhse.zip","(None)"
"Da Hood","tseng","d/dahood1.zip","(None)"
"Da Shit Game","Master Raze","s/shitgame.zip","(None)"
"Daarkness Falls Demo","Ibuki","d/dfpromo.zip","(None)"
"Damage1","Damage inc.","d/damge1.zip","(None)"
"Damage2","Damage inc.","d/damge2.zip","(None)"
"Damage3","Damage inc.","d/damge3.zip","(None)"
"Damage4","Breakout","d/damaged4.zip","(None)"
"Damage5","Bongo","d/damaged5.zip","(None)"
"Damage6","King OG","d/damaged6.zip","(None)"
"Darbytown","David Bishop","d/darbytwn.zip","(None)"
"Dark Realm 1","Michael Cockrum","d/darkrelm1.zip","(None)"
"Dark Realm 2","Michael Cockrum","d/darkrelm2.zip","(None)"
"Dark Riff","NivekG666","d/driff.zip","(None)"
"Dark Soul","FishFood","d/darksoul.zip","(None)"
"DarkMage 1-14","DarkMage Software","d/dmage.zip","(None)"
"Darkness Falls 2","Koopo","d/dark2.zip","(None)"
"Darkness Falls 3","Koopo","d/dark3.zip","(None)"
"Darkness Falls","Koopo","f/fall.zip","(None)"
"Darkseekr","Anthony Testa","d/darkseekr.zip","(None)"
"Darrow","Evan Darrow","c/catalog.zip","(None)"
"Darts Engine","ZZTyrant","t/tydarts.zip","(None)"
"Dave's World 1","Barjesse","d/daves1.zip","(None)"
"Dave's World 2","Barjesse","d/daves2.zip","(None)"
"Daymare","DPLObster","d/daymare.zip","(None)"
"Death Decay And Other Stuff Like That","The Madman","d/ddaoslt.zip","(None)"
"Death Destruction","","","(None)"
"Death Destruction","","","(None)"
"Death Gate","","","(None)"
"Death of a Cockrum","","d/dethcockd.zip","(None)"
"Death Prison 2000","ZZFreak","p/prison.zip","(None)"
"Death","Darren Hewer","d/death.zip","(None)"
"Death","Saxolad","d/deathg.zip","(None)"
"Deceiving Guidance","Hercules/Hydra","d/decguida.zip","(None)"
"Deep Blue 1: Divided","StarDreamer","d/dblue1.zip","(None)"
"Deep December","Blue Magus","d/deepdec.zip","(None)"
"Defence Station","Theta14","1a_szzt/dstation.zip","(None)"
"Defend Your House","Emon","d/Defendhouse.zip","(None)"
"Defender of Castle Sin","Nivek","d/defender.zip","(None)"
"Demominer Multiplayer V 1","MasterTMC","zig/demomim.zip","(None)"
"Demon Attack","Unknown","x/xplode.zip","(None)"
"Demon Pogie Bleagh Thing : Genetically Modified Release","","b/bl-gm.zip","(None)"
"Demon Pogie III","Agent Orange","d/dmp3.zip","(None)"
"Demon Pogie in the Forest of Bleagh Remake","Agent Orange","b/bl-gm.zip","(None)"
"Demon Pogie in the Forest of Bleagh","A.S.Rajkumar","b/bleagh.zip","(None)"
"Demon","Kicker","d/demon.zip","(None)"
"Despair Part 1","Axikal","d/Despairpt1.zip","(None)"
"Destroy (Demo)","Mysterio3000","d/d_DEMO.zip","(None)"
"Destroyer","Yoshi011","d/destryr.zip","(None)"
"Destructo Guy 1 Level Pack","Darcy Laycock","d/destructolp.zip","(None)"
"Destructo Guy 1","Darcy Laycock","d/destructoguy.zip","(None)"
"Destructo Guy 2","Darcy Laycock","d/destructo2.zip","(None)"
"DEXDRAC.ZZt","","","(None)"
"Dexture Dweeb","Eric Heibi","d/dexture1.zip","(None)"
"DGN Tower 2.0","KKairos","d/dgntwr.zip","(None)"
"DGN Tower","kkairos","d/dgntowr.zip","(None)"
"Diab Mag","diab","d/diabmag.zip","(None)"
"Diablo: The End","Scott Miller","d/diabloend.zip","(None)"
"Die Hard","Unknown","b/beast.zip","(None)"
"Dig It!","ZZTurbo","d/digit.zip","(None)"
"DilloLand","MKintaro2","d/dillolnd.zip","(None)"
"Disturbe 1","Evil","d/disturb.zip","(None)"
"Dividing Axe","","a/axedemo.zip","(None)"
"DMSoft Font","DMSoft","1a_zfonts/dmfont.zip","(None)"
"Dogfight","yenrab","d/dogfight.zip","(None)"
"Donkey Kong Country 4: TV Tantrums","SmartGamer","d/DK.zip","(None)"
"Donny's Little Feast","Tony Clifton","d/Dlf.zip","(None)"
"Doom","RoboJim","d/doom.zip","(None)"
"Double Weird","Scott Hammack","d/dweird.zip","(None)"
"Down Town: Four Year Anniversary Edition","_ryosuke_","d/dt-4y.zip","(None)"
"Downtown","Nautilus","d/downtown.zip","(None)"
"DPD","DPLobster","d/dpd.zip","(None)"
"DPLObster Doez ZZT","DPLObster","k/kingego.zip","(None)"
"Dr. Sam's Big Failure","Mark Lu","d/DrSam.zip","(None)"
"Dr. Who Episode One","The Docter","d/drwho1.zip","(None)"
"Dr.Zeebo","Darren Hewer","d/drzeebo.zip","(None)"
"Draco Experience","","d/dracmon.zip","(None)"
"Dragon Ballz","Agent Orange","b/ballz.zip","(None)"
"Dragon Eye","mini_maul & qndeb","d/dragon.zip","(None)"
"Dragon Rage","Shadow/Dr. Dos","d/dragonra.zip","(None)"
"Dragon Warrior Demo","Lynx","d/dwdemo.zip","(None)"
"Dragon Woods","Zenith","d/dwoods.zip","(None)"
"DrCrab's Engines","DrCrab123","1a_zfonts/dctlkt.zip","(None)"
"Dream 1-3","","d/dream13.zip","(None)"
"Dreamling","Darren Hewer","d/dreamlng.zip","(None)"
"Dreamz Demo","DP Lobster","d/dreamdem.zip","(None)"
"Driving","Slamice","d/Driving.zip","(None)"
"Drunk Hippies","J0sh","d/drunkhip.zip","(None)"
"Duke Nukem","Teraptus13","d/duke.zip","(None)"
"Dungeon 2","Hectik","d/dungeons2.zip","(None)"
"DUNGEON ESCAPE","Whirligig","d/DEscape.zip","(None)"
"Dungeon Guru Nostalgia MAXIMUM","KKairos","d/Dgn-max.zip","(None)"
"Dungeon Guru Nostalgia X 2","KKairos","d/dgn-x2.zip","(None)"
"Dungeon Guru Nostalgia","KKairos","d/dgn.zip","(None)"
"Dungeon Master's Gallery","Anthony Testa","d/dm-galry.zip","(None)"
"Dungeon of Dysel","LowerVP","d/dysel.zip","(None)"
"Dungeon RPG","Jeremy Kyuehnau","d/DRPG.zip","(None)"
"Dungeons of Despair v2","Dragonlord","d/dodv2.zip","(None)"
"Dungeons of Despair","Dragonlord","d/dod.zip","(None)"
"Dungeons of Doom","","d/GAME1.zip","(None)"
"Dungeons","Greg Janson","d/dungeon.zip","(None)"
"Dungeon","Nathan Ridley","d/dungeon1.zip","(None)"
"Dutch Collection 2","Various","d/dutchco2.zip","(None)"
"Dutch Collection 3","Various","d/dc3.zip","(None)"
"Dutch Collection","Various","d/DUTCH.zip","(None)"
"Dutch Stuff Promotion Pack","Apple McTom","d/dutchstuff.zip","(None)"
"dwarvish-mead dream demo","","d/Dmddemo.zip","(None)"
"Dwarvish-Mead Dream","","a/admd.zip","(None)"
"Earth Escape","Josh Quinnett","e/eescape.zip","(None)"
"Edible Vomit","Draco","v/v0mit.zip","(None)"
"EFZI","Raichu","e/efzi.zip","(None)"
"EKSO","Moonpie","e/ekso.zip","(None)"
"Elantiar","CpnSpam","e/elandemo.zip","(None)"
"Electric Booby Boy","Ben Baca","e/ebb.zip","(None)"
"Elemental Wars *DEMO*","Michael Barash","e/ElementDemo.zip","(None)"
"Emanon","Damien Wellman","e/emanon.zip","(None)"
"Emerald Rose 2 (Version 1.1)","Ringworm","e/emrald2.zip","(None)"
"Emerald Rose 2","","e/emerald2.zip","(None)"
"Emerald Rose","","e/emerald.zip","(None)"
"Emon's Guild","Emon","e/Emonsguild.zip","(None)"
"Enchanted Warbird #1","Viovis","e/enchant1.zip","(None)"
"End Of The World","Helios","e/endofwor.zip","(None)"
"Endeavor","A.Smith","e/endeavor.zip","(None)"
"Endless Dungeon GOLD","coolzx","e/edgold.zip","(None)"
"Endless Dungeon","coolzx","e/edungeon.zip","(None)"
"Engines","NMZmaster","e/Engines.zip","(None)"
"Entrisa File 1","Parasite","e/entrisa1.zip","(None)"
"EP/APR World","Unknown","e/epworld.zip","(None)"
"ERA 2","FishFood","e/Ep2dem.zip","(None)"
"Era","Fishfood","1a_zfonts/era.zip","(None)"
"Erectile Disfunction","starbux","e/eredd.zip","(None)"
"Erg! RPG","Nivek","e/erg!.zip","(None)"
"Escape from BoringTown:Ressurected for no reason","MooHaHa","z/zzttwn10.zip","(None)"
"Escape From Planet Red v.H","yenrab","v/vhred.zip","(None)"
"Escape from Zyla Island: Special Edition","raichu0079","e/Evil-1se.zip","(None)"
"Escape from Zyla Island","Raichu","e/escape.zip","(None)"
"Escape/Doom Island 1&2","Dave Kolar","e/escape12.zip","(None)"
"Escape/Mars 2","Stephen Wooster","e/escape2.zip","(None)"
"Escape/Mars","Stephen Wooster","e/escape.zip","(None)"
"Escape/Planet Red v2.0","yenrab","v/v2red.zip","(None)"
"Escape/Westmanson","John Shipley","e/escape15.zip","(None)"
"ESP Demo","John W. Wells","e/Espdemo.zip","(None)"
"Everything!","Draco","e/everything!.zip","(None)"
"Evil Man Demo","Dsone","d/Dsone.zip","(None)"
"Evil Saga","","e/evlsgdmo.zip","(None)"
"Evil Stuff Slayer Demo","","s/Slayer.zip","(None)"
"Ewok's Life Demo 2.0","Hercules","e/ewokdv20.zip","(None)"
"Excaliber Demo","Mystic","e/excdemo.zip","(None)"
"Fabrication","breakout","f/fabdemo.zip","(None)"
"Factory2","Mark Mclntyre","f/factory2.zip","(None)"
"Factory","Mark Mclntyre","f/factory.zip","(None)"
"Faito Trilogy","Micah Pual","f/faito.zip","(None)"
"Falcon Wing","ZZTurbo","f/falcon.zip","(None)"
"Fallen Realms Arcade Edition 1","[STT] Seeker","f/FRA1.zip","(None)"
"Fantastic Four/Molecule Man","T-800","f/ff.zip","(None)"
"Fantasy Game II","Akim Productions","f/fantasy2.zip","(None)"
"Fantasy Game I","Akim Productions","f/fantasy1.zip","(None)"
"Fantasy Of Freedom","Hydra78","1a_szzt/fantasy.zip","(None)"
"Fantasy World Dizzy","Zenith","d/dizzy.zip","(None)"
"Fatman Rage","DPLObster","f/fatman.zip","(None)"
"FF9 Demo","blazer","f/ff9demo.zip","(None)"
"FFSoft #3","Redfire","f/ffmag3.zip","(None)"
"FFSoft #5","Redfire","f/ffmag5.zip","(None)"
"FFSoft #6","Redfire","f/ffmag6.zip","(None)"
"FFSoft Casino","Redfire","f/ffcasino.zip","(None)"
"Final Fantasy Extreme","Luke Drelick","f/ffxtreme.zip","(None)"
"Final Fantasy ZZT","MKintaro2","d/dwffzzt.zip","(None)"
"Final Fantasy2","Unknown","f/ff2.zip","(None)"
"Final Fate Demo","Ultima","f/finalfatedemo.zip","(None)"
"Final Quest of Fury","John Shipley","f/fquest15.zip","(None)"
"Final Trigger2","tseng","f/final2.zip","(None)"
"Final Trigger3","Tseng","f/final3.zip","(None)"
"Final Trigger4","Tseng","f/ft4ffwrd.zip","(None)"
"Final Trigger","tseng","f/final.zip","(None)"
"Find as you go Maze","Apage43","m/mazeb.zip","(None)"
"First Reality Legend Demo","Maullar_Maullar","f/frldemo.zip","(None)"
"First Reality Part 1","Maullar_Maullar","f/freality.zip","(None)"
"First","Rob Bourgoin","f/first.zip","(None)"
"Five Years of Maximum ZZT","Scott Hammack","m/maxzzt.zip","(None)"
"Flame Frost Blade","Flatcoat lab","f/ffbdemo.zip","(None)"
"Flame Games Mag. 1","Colin","f/flamemag1.zip","(None)"
"Flame Games Mag. 2","Colin","f/flame2.zip","(None)"
"Flame Games Mag. 3","Colin","f/flame3.zip","(None)"
"Flame Games Mag. 4","Colin","f/flame4.zip","(None)"
"Flame Games Mag. 5","Colin","f/flame5.zip","(None)"
"Flaming Kitty","Parasite","f/flamekitty1.zip","(None)"
"Flik","Evan Furchtgott","f/flik.zip","(None)"
"Forest of ZZT","Agonizer","f/forest.zip","(None)"
"Forest of Zzt","Scott Gordon","f/Forest.zip","(None)"
"Forest Will Echo With Laughter","","f/forests.zip","(None)"
"Four Seasons Revival","","1num/4seasons2.zip","(None)"
"Four Seasons","Jason Harding","1num/4seasons.zip","(None)"
"Freak da Cat 2","Hydra and MeBo","f/freak2.zip","(None)"
"Freak Da Cat","Hydra78","f/freak.zip","(None)"
"Freakish Town","Zzturbo","f/freaktwn.zip","(None)"
"Freaky ZZT Remake","dexter","f/frkzztse.zip","(None)"
"Freaky ZZT","Goldenhog","f/freaky.zip","(None)"
"Fred! Episode 1: Space Fred!","Adam Parrish","f/fred1gld.zip","(None)"
"Fred! Episode 2: Ffreddiannia","Adam Parrish","f/fred2gld.zip","(None)"
"Freedom Soundtrack","kev-san","1a_zmusic/freedomzzm.zip","(None)"
"Freedom","kev-san","f/freedom.zip","(None)"
"FreeTime","Tbot","f/FreeTime.zip","(None)"
"FreeZerBurn's Art","FreeZerBurn","v/Vertigoa.zip","(None)"
"Frenge","Nautilus","f/frenge~1.zip","(None)"
"FRG","Gary Febbi","f/frgzzt.zip","(None)"
"Friend Abusal Game v2.1","","f/Friend2_1.zip","(None)"
"Friend Abusal Game","","f/Friend.zip","(None)"
"Funny Farm Memorial","Justin Douchekowish","f/fmemosw.zip","(None)"
"FunTown","Dustin Hubbard","1a_zfonts/funtown.zip","(None)"
"Fury Spell","eJECTION13","f/fury.zip","(None)"
"Futureware 1","Jeff Conroy","f/fwmag1.zip","(None)"
"Futureware 2","Jeff Conroy","f/fwmag2.zip","(None)"
"Futureware 3","Jeff Conroy","f/fwmag3.zip","(None)"
"Futureware 4","Jeff Conroy","f/fwmag4.zip","(None)"
"G-Fighter 2","Kevin Anderson","g/gfightr2.zip","(None)"
"G-Fighter II: Hidden Evil version 1.2","Fungus Shark","g/gft12.zip","(None)"
"G-Fighter II: Hidden Evil","Fungus Shark","g/gfight2.zip","(None)"
"G-Fighter: Combat Flight Simulator","Fungus Shark","g/gfight.zip","(None)"
"G-Fighter","Ryan Williams","g/gfighter.zip","(None)"
"G-Help: Fungus Shark's G-Fighter Series Help and Info","Fungus Shark","g/G-Help.zip","(None)"
"GATTACA","Dogbert","g/gattaca.zip","(None)"
"Gem Hunter 2","tseng","g/gh2.zip","(None)"
"Gem Hunter 3","tseng","g/gh3.zip","(None)"
"Gem Hunter Anthology","","g/ghanth.zip","(None)"
"Gem Hunter II: Special Edition","Tseng/Mike Renner/Mitochondrion","g/gh2se.zip","(None)"
"Gem Hunter SE 1.5","tseng","g/ghuntrse.zip","(None)"
"Gem Hunter","tseng","g/ghunter.zip","(None)"
"Gems and Pipes","Jojoisjo","g/GandP.zip","(None)"
"Geneva","Andrea Landt","g/geneva.zip","(None)"
"George Badluck","Scribbit","g/gb.zip","(None)"
"Get Out of the Mental Hospital","Maullar_Maullar","g/goment.zip","(None)"
"Get Psyched","Unknown","g/getpsych.zip","(None)"
"Ghost","D.","g/GHOST.ZIP","(None)"
"Gilbert and Sullivan ZZT","John W. Wells","g/gands.zip","(None)"
"Gladiator","Cliff Hensley","g/gladatr.zip","(None)"
"Godzilla","Jpasc123","g/godzilla.zip","(None)"
"Goldeneye ZZT Demo","Daniel Hutson","g/goldeye.zip","(None)"
"Goober","FutureWARE","g/goober.zip","(None)"
"Grade A Milk","Bryan Crouch","m/milk.zip","(None)"
"Graphix Shite","CoolZx","g/Grshite.zip","(None)"
"GREED Part One","MadTom","g/greed1.zip","(None)"
"GREED Part Two","MadTom","g/greed2.zip","(None)"
"GREED Soundtrack","MadTom","1a_zmusic/grdmusic.zip","(None)"
"Green","","g/thegreen.zip","(None)"
"Greg Janson and STK Revealed","Jhello73","r/rawstk.zip","(None)"
"Griffin","Cyrus","g/griffin.zip","(None)"
"Guide to the Everything","Vork","g/guide1.zip","(None)"
"Guinea Pig","Ryan Tyrrell","g/guineapig.zip","(None)"
"Gun Smoke","Nzenik","g/gunsmoke.zip","(None)"
"Gundam Wing","Redmage","g/GundamW.zip","(None)"
"Hacker's Guide To ZZT ","JMStuckman ","h/hackers.zip","(None)"
"Hallucina Soundtrack","Lord Igsel & Fishfood","1a_zmusic/halsound.zip","(None)"
"Hallucina","Lord Igsel & Fishfood","h/hallucina.zip","(None)"
"Halo 8","Insane Moose","h/Halo8.zip","(None)"
"Happy Noodle Boy Demo","nny","h/hnbdemo.zip","(None)"
"Hard Day","Sepe","h/hardday.zip","(None)"
"Harry The Magic Sloth","Unknown","h/harry.zip","(None)"
"Headbanger's ZZT","A. Smith","b/banger.zip","(None)"
"Heavy Gear engine","blindgoat","h/HGengine.zip","(None)"
"Heavy Gear file 1","blindgoat","g/gear1.zip","(None)"
"Here's Some Good Advice","Unknown","h/advice.zip","(None)"
"Heroes: Legend of the Copper Serpent (Disk 1)","Sci Freak","h/heroes1.zip","(None)"
"HeX - Early Demo","J0sh","h/HeX-Demo.zip","(None)"
"Hey Drake","Viovis","d/drakec.zip","(None)"
"HGSI Final Fantasy 1","PresHGSI","h/hgsiff.zip","(None)"
"HGSI Magazine #1","PresHGSI","h/hgsimag1.zip","(None)"
"Hollywood Hooker","Draco","1a_zfonts/hooker.zip","(None)"
"Homelands Demo","Mewho","h/homedemo.zip","(None)"
"Homework Help","David Barker","h/homhelp.zip","(None)"
"Homicidal Art","Viovis","a/articide.zip","(None)"
"Hostile Territory (Demo)","Ganker","h/Hostile.zip","(None)"
"Hotel","Unknown","h/hotel.zip","(None)"
"House of Horrors","Greg Janson","1a_szzt/horror.zip","(None)"
"House of Terror 1&2","","f/full.zip","(None)"
"Htrae I : The Crimson Omen","Alan Chan","h/htrae1a.zip","(None)"
"Human Extinct","Wild Thang","h/hedem.zip","(None)"
"Hungry Monster","","t/thm.zip","(None)"
"Hyper ZZT","Claudio Leite","1a_zfonts/hyperzzt.zip","(None)"
"Hyper!","Justin Camarta","h/hyper_jc.zip","(None)"
"I am saaa[rsefc]","viovis","i/iamsaaaa.zip","(None)"
"Ick","Scribbit","i/ick.zip","(None)"
"ID4","Jeff Quirk","i/id4.zip","(None)"
"Idiot Police","SPAZM0016","i/ipd.zip","(None)"
"iFantasy 10","Robert Pragt","i/ifantsy10.zip","(None)"
"iFantasy 4","Hercules","i/ifantsy4.zip","(None)"
"IFantasy 5","Ethan Hunt","i/ifantsy5.zip","(None)"
"IFantasy 6","Venom","i/ifantsy6.zip","(None)"
"iFantasy 7","Blue Magus","i/ifantsy7.zip","(None)"
"IFantasy 8","Hydra78","i/ifantasy8.zip","(None)"
"iFantasy 9","HM","i/ifantsy9.zip","(None)"
"Immortals","","i/immodemo.zip","(None)"
"Important Life Lessons 1 : Watch The Skies","Nuero","i/ill1wts.zip","(None)"
"Incomplete","Garvinash","i/incompl.zip","(None)"
"Incredible Building","","1a_szzt/building.zip","(None)"
"India! (Get the bags","","i/indiawe.zip","(None)"
"Indiana Jones and the fate of Zebes","Simon Mime","s/sm2.zip","(None)"
"Indiana Jones and The Lost Crusaders","FunkMeister","f/funkindy.zip","(None)"
"Indiana Jones","Hydra78","i/indy.zip","(None)"
"Indigo Sprite's Inn-Turns 1-4","LowerVP","i/indigo1.zip","(None)"
"Inedible Vomit","Draco","h/hal0.zip","(None)"
"Infestaphobia v 1.3","coolzx","i/iphobia.zip","(None)"
"Infestation 2","coolzx","i/i2.zip","(None)"
"Infestation 3","Coolzx","i/i3.zip","(None)"
"Infestation : Tower of Babel","coolzx","i/infisle.zip","(None)"
"Infestation","CoolZx","c/centi.zip","(None)"
"Insane INC presents: A christmas gone horribley","","i/iincxmas.zip","(None)"
"Insane Inc. Magazine: SE","Insane Moose","i/iimagse.zip","(None)"
"INSANE INC.: ROAD TO INSANITY","Qwil man","i/insmag2.zip","(None)"
"Interactive Fantasies 1","Hydra78","i/ifmag1.zip","(None)"
"Interactive Fantasies 2","Hydra78","i/ifmag2.zip","(None)"
"Interactive Fantasies 3rd Birthday","Interactive Fantasies","i/if-3bday.zip","(None)"
"Interactive Fantasies 3","Hydra78","i/ifantsy3.zip","(None)"
"Intergalactica - Demo","Nuero","i/ingalac.zip","(None)"
"Interstellar Police : Escape Stal' Prison","Robert Pragt","i/ip-esp.zip","(None)"
"Into the Void: A","Insane Moose","v/void.zip","(None)"
"Into the Void: B","Insane Moose","v/void2.zip","(None)"
"Into the Void: C","Insane Moose","v/voidc.zip","(None)"
"Invaders ZZT","Daniel James/Lynx","i/Invaders.zip","(None)"
"Invasion ZZT","JPI","i/inv_zzt.zip","(None)"
"Invasion","Unknown","i/invasion.zip","(None)"
"Island of Jerks 1: Special Edition v1.1","","i/Jerks1se.zip","(None)"
"Island of the Dragon Warriors 1","Uncle Bubba","i/isledw1.zip","(None)"
"Island Of The Jerks","Aric McKoewn","i/Jerks.zip","(None)"
"Isle of Jerks2","Aric McKeown","j/jerks2.zip","(None)"
"Isle of Jerks3","Aric McKeown","j/jerks3.zip","(None)"
"Isle of Jerks4","Aric McKeown","j/jerks4.zip","(None)"
"IsPoint Mag #2","iskeith3","i/IsPoint2.zip","(None)"
"IsPoint Mag #4","iskeith3","i/IsPoint4.zip","(None)"
"IsPoint Magazine #1","iskeith3","i/IPMag1.zip","(None)"
"It Starts","ZZTurbo","i/itstarts.zip","(None)"
"It's Not Mine!","wayward","n/notmine.zip","(None)"
"Jack O' Lantern","Newt","j/jack-o-l.zip","(None)"
"Jack: Home","end13","j/Jack-h.zip","(None)"
"Jack: Incane Street","end13","j/Jack-is.zip","(None)"
"Jack: Space Trip 2","end13","j/Jack-st2.zip","(None)"
"Jack: Space Trip","end13","j/Jack-st.zip","(None)"
"Jaguar: Quest for Water","Cyrus","j/jaguar.zip","(None)"
"James Jon 007","InKane","j/jamesjon.zip","(None)"
"Jami's Undercity","Anthony Testa","j/jamijo.zip","(None)"
"JAVO","Sejr Andersen","j/javo.zip","(None)"
"Jay's 3D Maze","Jay Anderson","j/jaymaze.zip","(None)"
"Jedi Knight","noachnet","1a_zfonts/jknight.zip","(None)"
"Jeebie's Quest","Darren Hewer","j/jeebie.zip","(None)"
"Jesus 2035","zamros","j/jesu2035.zip","(None)"
"Jex","LordChimpee","j/Jex.zip","(None)"
"Jimbo the trippy","Dsone","j/Jimbotrippy.zip","(None)"
"Joe Blow","froznfire","j/joeblow1.zip","(None)"
"Joel's World 1-6","Joel Smith","j/joelwrd126.zip","(None)"
"Joshua Town!","Andrew Hartung","j/Joshtown.zip","(None)"
"Journey Part 1","Scott Miller","j/journey1.zip","(None)"
"Journey to the Centre of Nowhere","","j/jcn.zip","(None)"
"Journeys","Unknown","j/journeys.zip","(None)"
"Junkyard","Poppa Good","j/Junkyard.zip","(None)"
"Junk","Ethan Hunt","j/junk.zip","(None)"
"Jurassic Park","HM","j/jpdemo.zip","(None)"
"Kamek","coolzx","k/kamek.zip","(None)"
"Kane Project - Disc 2","","t/TKP2_D2.zip","(None)"
"Kane Project 2 Demo","","k/kane2demo.zip","(None)"
"Kane Project 2 Disc 1 & 2","","t/TKP2D12.zip","(None)"
"Kane Project 2","","t/TKP2.zip","(None)"
"Kane Project","","k/KaneProj.zip","(None)"
"Karateka +","Matthew Vecchio & James Ashby","k/karateka.zip","(None)"
"Karro Wars 2:EXILE Demo","BlacKat","k/k2demo.zip","(None)"
"Karro Wars Part One: Bounty","JM","k/karro1.zip","(None)"
"Kart Racing Demo","Code255","k/kartracedem.zip","(None)"
"Kave","","k/kave.zip","(None)"
"Keesh's Quest2","Al Ricciteli","k/keesh2.zip","(None)"
"Keesh's Quest","Al Ricciteli","k/keesh.zip","(None)"
"Kevin's Magical Quest","LeMMO14","k/KevinQ.zip","(None)"
"Kewlio Font","Kewlio","1a_zfonts/kewliof.zip","(None)"
"Kewltown","Zzturbo","k/kewltown.zip","(None)"
"Kiddy Fun","_Ryosuke_","k/kiddyfun.zip","(None)"
"Kiki's Quest","LowerVP","k/kq.zip","(None)"
"Kill Barney","David Hetrick","k/killbarn.zip","(None)"
"King Trethain's Heir","Nivek","1a_zfonts/trethain.zip","(None)"
"King's Quest ZZT 2","","k/kqzzt2.zip","(None)"
"Kingdom Of ZZT","","","(None)"
"Kings Demo","XAbbott","1num/1k-demo.zip","(None)"
"Kings Quest","Hydra78","k/kqzzt.zip","(None)"
"Kirby's Adventure To save Dreamland Again...","Yoshi011","k/Kirby.zip","(None)"
"Kitty file 1","Parasite","k/kittypt1.zip","(None)"
"Klide's Adventures in The Amazon Fire City","TheUnknown","k/klide1.zip","(None)"
"Klide's Adventures in The Amazon Fire City","TheUnknown","k/klidemo.zip","(None)"
"Knight's Saga","Cliff Hensley & Josh Rogalski","k/ksaga.zip","(None)"
"Koopo The Lemming","Koopo","k/ktl.zip","(None)"
"Koopo's ...","Koopo","k/koopo1.zip","(None)"
"KramerVille","Justin Quoss","k/kramer.zip","(None)"
"Kudzu 2.1 small>(not a sequel","pdate)","k/kudzu21.zip","(None)"
"Kudzu","clysm","k/kudzu.zip","(None)"
"Labyrinth","Unknown","l/labyrint.zip","(None)"
"Lalore","","l/lalore.zip","(None)"
"Lame II *PREVIEW EDITION*","FunctionlessArt","l/lameii-p.zip","(None)"
"Lame","FunctionlessArt","l/lamee.zip","(None)"
"Land of YYS","","y/yys.zip","(None)"
"Land of ZZT v2.0","Ethan Fleischer","l/land.zip","(None)"
"largoABRAXIS","WiL","l/largoABRAXIS.zip","(None)"
"las muzique iii: disc one","Various","1a_zfonts/lmiii-1.zip","(None)"
"Las Muzique:1","voighdt","m/muzakone.zip","(None)"
"Las Muzique:2","Various","m/muzaktwo.zip","(None)"
"Last Breath Demo","Blazer","l/lastbrth.zip","(None)"
"Last Dynasty Demo Version","BroKen","d/Dnstydem.zip","(None)"
"Last Momentum","Coolzx","m/momentum.zip","(None)"
"Last November 2","tseng","i/ibifiles.zip","(None)"
"Last November","tseng","l/ln-demo.zip","(None)"
"Lazer Tag","Scott Miller","l/lazertag.zip","(None)"
"Lebensraum","Zenith","l/lebensrm.zip","(None)"
"Legacies","Nivek Games","l/legacies.zip","(None)"
"Legend of Bob Complete","","b/bob.zip","(None)"
"Legend of Zeldar: Bored of the Rings","Pentium20o1","z/zeldar.zip","(None)"
"Legends of Brandonia","Ryan Riegel","b/brandon1.zip","(None)"
"Legends of the Hidden Temple","Chris Kohler","l/legends.zip","(None)"
"Lemmer Will Kill You Bitch","Micr0wave","lemkill.zip","(None)"
"Lemming Hunter","Dsone","l/lemmingh.zip","(None)"
"Lemmings ZZT","Stephen Gula","l/lemming.ZIP","(None)"
"LEO Demo","Josh Cooper","l/leodemo.zip","(None)"
"Life of a Player 2","Oddjob & Ringworm","l/loap2.zip","(None)"
"Life of a Player","OddJob & Ringworm","l/loap.zip","(None)"
"Life of a Scotter","","s/scotter.zip","(None)"
"Life!","Joe McManis","1a_szzt/life.zip","(None)"
"Light 1: Dreams of Light Demo","","l/lightdem.zip","(None)"
"Links Adventure 1","Rotaj Russell","l/linkadv1.zip","(None)"
"Links Adventure 2","Rotaj Russell","l/linkadv2.zip","(None)"
"Links Adventure 3","Rotaj Russell","l/linkadv3.zip","(None)"
"Little Orphan Annie Gets Shot in the Forehead ZZT","DPLobster","a/annie.zip","(None)"
"Living Hell","Eric Hoppe","l/lhell.zip","(None)"
"Llama Masters 1","Scott Hammack","l/llama1.zip","(None)"
"Llama Masters 2","Scott Hammack","l/llama2.zip","(None)"
"LLLL Adventures","Unknown","l/lllli.zip","(None)"
"Lois and Clark","Bill Meeks","l/lois.zip","(None)"
"Lome Intro","Leamas","l/lomeintro.zip","(None)"
"Lome","Leamas","l/lome.zip","(None)"
"lonezr","goosedaemon","l/lonezr.zip","(None)"
"Long Voyage","","1a_szzt/Voyage1.zip","(None)"
"Long Voyage:Outerspace","","1a_szzt/Voyage2.zip","(None)"
"Los Refritos 1","chuck","1a_zfonts/refritos.zip","(None)"
"Los Refritos 6","chuck","1a_zfonts/lr6.zip","(None)"
"Los Refritos 9","gchucky","l/lr9.zip","(None)"
"Lost Caves Graphic Renewal","Zenith","l/lostcavegr.zip","(None)"
"Lost Caves","ZZFreak","l/lostcave.zip","(None)"
"Lost Demo","","l/thelost.ZIP","(None)"
"Lost Keys","Quintez D. Goodrum","l/lostkeys.zip","(None)"
"Lost Monkeys","Chris Jong","l/lostmonk.zip","(None)"
"Lost Pyramid","","p/pyra.zip","(None)"
"LOST","Benco","l/Lost.zip","(None)"
"Lunatix ZZT","Mike Snyder","l/lunatix1.zip","(None)"
"MADF","Flatcoat Lab","m/madf.zip","(None)"
"Mage Hawk","MOONPIE","m/MAGEHAWK.zip","(None)"
"MageSlay","lameo1","m/MageSlay.zip","(None)"
"Magic Cave","","m/mcave.zip","(None)"
"Magical Adventures of Andy  Chapter 1: Andy is Dildonic:SE","","a/andyspec.zip","(None)"
"Magical Adventures of Andy 1","","a/andy.zip","(None)"
"Magical Adventures of Andy 2 Demo","","a/andy2dem.zip","(None)"
"Magicland Dizzy","Zenith","m/magcland.zip","(None)"
"Magik2","ZZTurbo","m/magik2.zip","(None)"
"Magik","ZZTurbo","m/magik.zip","(None)"
"Man-Man!","coolzx","m/man-man.zip","(None)"
"Manifold Destiny","DPLObster","m/manifold.zip","(None)"
"Mansion of Bill!","","m/mansion2.zip","(None)"
"Mansion of Dr. Rob","","d/drrob.zip","(None)"
"Mario Brothers 2","Bill Meeks","m/mario2.zip","(None)"
"Mario64","GChucky","m/mario64.zip","(None)"
"Mask of Cortez","","m/mask.zip","(None)"
"Master 1","","m/master.zip","(None)"
"Matrix ZZT","","m/matrix.zip","(None)"
"Maullar Maullar Mag 2","Maullar_Maullar","m/mmmag2.zip","(None)"
"Maullar Maullar Mag","Maullar_Maullar","m/mmmag.zip","(None)"
"Maullar_Maullar Mag #3","Maullar_Maullar","m/mmmag3.zip","(None)"
"Maullar_Maullar Mag #4","Maullar_Maullar","m/mmmag4.zip","(None)"
"Mayhem","Ultima","m/mayhem.zip","(None)"
"Mayhem","Ultima","t/mayhemfl.zip","(None)"
"Maze 3D","JMStuckman","m/maze3d.zip","(None)"
"MAZI","WiL","m/mazi.zip","(None)"
"Me Not Dum","FredTC","s/stupid.zip","(None)"
"Meaningless Game 2","JDewbre","m/mmg2.zip","(None)"
"Meaningless Game v1.2","JDewbre","m/mmgv12.zip","(None)"
"Meaningless Games 1-4","JDewbre","m/mmg14.zip","(None)"
"Mechfight","Tom Foley","m/mecfight.zip","(None)"
"Mechwarrior War","Nzenik","m/mech.zip","(None)"
"Mega Man","Maullar_Maullar","m/mmzzt.zip","(None)"
"MegaZeux Adventure","ZZT Dude","m/megazeux.zip","(None)"
"MegaZZT","Chris Kohler","m/megazzt.zip","(None)"
"Melborp's Casino","Knightt","m/Melborp.zip","(None)"
"Merbotia","Sonic256","m/merbotia.zip","(None)"
"Merc: Final Score","Cameron Currie","m/mercfs.zip","(None)"
"Merlin","Jeff Conroy","1a_zfonts/mrlinzzt.zip","(None)"
"Merry f'n Christmas","Ibuki","f/fuknxmas.zip","(None)"
"Metamorphine","Anthony Testa","m/metamphn.zip","(None)"
"Micr0wave's BKZZT Anthology","Micr0wave/jojoisjo","m/MicroBKZZT.zip","(None)"
"Middle Earth","Kyle Perry","m/midearth.zip","(None)"
"Midnight 2","ThatGuyInPanama","m/midnight2.zip","(None)"
"Midnight","Sean Stapleton","m/midnight.zip","(None)"
"Mike's Rampage","Unknown","m/m-rampag.zip","(None)"
"Mike's World","Unknown","m/mikieo.zip","(None)"
"mindset # 1","_ry0suke_","m/mindset.zip","(None)"
"Mined Out","Lord Igsel","m/mout.zip","(None)"
"Mine","Fishfood","m/mine2.zip","(None)"
"Mini-ZZT Game Pak!","Burakthebest","m/minigame.zip","(None)"
"Mirror Hall Engine","ZztGuy45","m/mirror.zip","(None)"
"Misadventures of Mega Job: The Epic Tag Team","","m/megajob.zip","(None)"
"Mission:Enigma","Greg Janson","e/enigma.zip","(None)"
"Mission:Frog","Aric McKeown","f/frog.zip","(None)"
"Mix-Weeni","Jcsmith90","m/mixweeni.zip","(None)"
"Monster Battle","Emon","m/monsterb.zip","(None)"
"Monsters 1","Michael Cockrum","m/monsters1.zip","(None)"
"Monsters 2 demo","presHGSI","m/mondem.zip","(None)"
"MoreStuff","GameMstr1","m/morestuf.zip","(None)"
"Mortal Wound Demo","Parasite","m/mortalw.zip","(None)"
"Mosaic! 2","Venom","m/mosaic2.zip","(None)"
"Mosaic!","Venom","m/mosaic.zip","(None)"
"Mostly Morphine Powered Strangers","yenrab","m/mmpdstr.zip","(None)"
"Motivational Speaker","","m/motive.zip","(None)"
"Mouse Selection Engine","Tbot","m/MOUSEENGINE.ZIP","(None)"
"Mr Red & Mr Blue: The Key Dispute","_ry0suke_","m/mrmb.zip","(None)"
"mr red and mr blue: driving lessons","_ry0suke_","m/mrred2.zip","(None)"
"Mr Shapiro Cares Not For Lies","Eurakarte","s/shaplies.zip","(None)"
"Mr. MI Secret Agent","Billtcm","m/mmi.zip","(None)"
"Mr. Red and Mr. Blue 3-7","_ry0suke_","r/rednblue.zip","(None)"
"Mr. Shapiro cares not for Snakes","Eurakarte","s/shap-snk.zip","(None)"
"Mr.Happy 2","Jason Harding","m/mrhappy2.zip","(None)"
"Mr.Happy 3","Jason Harding","m/mrhappy3.zip","(None)"
"MST3K","Adam LaChapelle","m/mst3k.zip","(None)"
"Music Box","Lanie Lamb","m/mbox.zip","(None)"
"Music Isle 1&2","Shawn Hunt","m/music.zip","(None)"
"Must we all moo? Demo","Zechs","m/Mwam.zip","(None)"
"Myst ZZT Demo","Ian McMahon","m/mystZZT.zip","(None)"
"Mysterious Art","Apple McTom","m/mysterart.zip","(None)"
"Mystery Manor","Alan Zeman","m/manor.zip","(None)"
"Mystery Mansion","Mike Bomba","m/mansion.zip","(None)"
"Mystery Science Theater 3000 presents: Aceland","John W. Wells/Prakash Padole","m/acelandm.zip","(None)"
"Mystery Science ZZTheater 3000","Unknown","m/mst3000.zip","(None)"
"Mystery Servo Theater 3000 Presents: Despair","John W. Wells","d/despmst.zip","(None)"
"Mystic Blade","Chronos","m/mbladep.zip","(None)"
"Mystic Quest","Dr.J2000","m/mquest.zip","(None)"
"Mystic Woods","KCJS","m/mwoods.zip","(None)"
"Mystical Barrier","","b/Barrier.zip","(None)"
"Nameless","Knightt","n/Nameless.zip","(None)"
"Nature's Revenge","WolfBrother","n/Natures.zip","(None)"
"Ned the Knight","Jeremy LaMar","k/knight.zip","(None)"
"Neesboy's Fantastic Adventure","Nees","n/neesy.zip","(None)"
"Nemesis' Demo Pack","Nemesis","n/nemedemo.zip","(None)"
"Nev the Nerd","fatrat","n/nev.zip","(None)"
"NEW (demo)","bucket","n/new.zip","(None)"
"New Earth Operations Disc 1","Chase Bramlage","n/neo1.zip","(None)"
"Newbie Eliminators Part 1","Tenguman2k","n/Nonewbie.zip","(None)"
"Next Demo","Madguy","n/nextdemo.zip","(None)"
"NextGame 33","Madguy","n/nextgame.zip","(None)"
"Nickideums","Jeremy Kuehnau","n/nickideums.zip","(None)"
"Night Angel 1","Maullar_Maullar","n/niteang.zip","(None)"
"Night Conjure","Newt","n/newt24.zip","(None)"
"Nightlife","Scribbit & GoldenHog","n/nitelife.zip","(None)"
"Nightmare","Barjesse","n/nmzzt.zip","(None)"
"Nightplanet","Adam Parrish","m/myth.zip","(None)"
"No Point 2","Patrick Ewing","n/nopoint2.zip","(None)"
"No Point","Patrick Ewing","n/nopoint.zip","(None)"
"No Turning Back Now!","ZZTurbo","n/ntbn.zip","(None)"
"NO!","_God_","n/No.zip","(None)"
"Noise","Jacob Hammond","1a_zmusic/Noise.zip","(None)"
"Nothing Constructive Depressing Demo That Probably Sucks A Lot","Zanno","n/ndemo.zip","(None)"
"Nova Magazine #1","Nova Productions","n/novamag1.zip","(None)"
"November eve 2","Mike Renner","c/cp.zip","(None)"
"November Eve","tseng","n/november.zip","(None)"
"Nuclear Madman","Unknown","n/nukeman.zip","(None)"
"Nuff Nuf land 2","Vampy","n/nuffnuf2.zip","(None)"
"Number Maze","David Hetrick","n/nummaze.zip","(None)"
"NWO","Unknown","n/nwo.zip","(None)"
"N","xabbott","n/npre.zip","(None)"
"OakTtown","Shaun Taylor","o/oaktown1.zip","(None)"
"Octagon","wayward","o/octagon.zip","(None)"
"Oddworld SE","Benco","o/oddwrldse.zip","(None)"
"Oddworld","Benco","o/oddworld.zip","(None)"
"Oj-If Demo","Jhello73","o/Oj-IfDemo.zip","(None)"
"Omega Force 1.5","Lame Game","o/omega.zip","(None)"
"Omega Second","Recluse","o/omegasec.zip","(None)"
"Omega","Ben","1a_zmusic/omega.zip","(None)"
"Omega","Sephiroth X","o/omegadem.zip","(None)"
"On the Wire","Zenith & Draco","w/wire.zip","(None)"
"Operation Blundabo","_ry0suke_","b/blundabo.zip","(None)"
"Operation Enigma","Kevin Denocourt","o/oenigma.zip","(None)"
"Operation Mother Assault","Robojim","a/assault2.zip","(None)"
"Operation: Blue Fox","Daniel Hutson","o/opfox.zip","(None)"
"Operation: Cobra","Master Raze","o/OCobra.zip","(None)"
"Operation: OBRIAN 2","Chase Bramlage","o/O-OBRIAN2.zip","(None)"
"Operation: OBRIAN","Chase Bramlage","o/obrian.zip","(None)"
"Orb Holders 1","Skull Dragon","o/orb1.zip","(None)"
"Original ZZT Spoof Part One: Town Of ZZT","Tenguman2k","t/tengulabs2.zip","(None)"
"Outbreak","Eric Moore","o/outbreak.zip","(None)"
"Outer Emergency","Viovis","u/ucall911.zip","(None)"
"Overflow","Luke Drelick","o/overflow.zip","(None)"
"P.D.S Extreme","Evan Furchtgott","p/pdse.zip","(None)"
"P.D.S","Evan Furchtgott","s/station.zip","(None)"
"Pac Man v.s Zac Man","CountryGames","p/pacman.zip","(None)"
"Pac-Man","Lynx/WiL","p/pac.zip","(None)"
"Palace of Peril Engine","Weaselfeathers","p/Pop.zip","(None)"
"Paradise Island","Unknown","p/paradise.zip","(None)"
"Parallel Universe","Newt","p/p-univi.zip","(None)"
"Parell Wars 2","ParellOne2345","p/parell2.zip","(None)"
"Parell Wars I","ParellOne2345","p/parell1.zip","(None)"
"Partly","Misterst12","p/partly.zip","(None)"
"Patriot","Viovis","1a_zfonts/patriot.zip","(None)"
"Personal Definition","Dsone","p/PerDef.zip","(None)"
"Pete the Pirate(V.1.1)","Steven Wade","p/Pirate.zip","(None)"
"Peter Cotton Tail's Trails","Jeremy Kuehnau","p/pctt.zip","(None)"
"Pheonix Power","ZZTPheonix","p/phoenixp.zip","(None)"
"Pilot Wings","Dr. Dos","p/pilotwings.zip","(None)"
"Ping Ball","Ethan Hunt","p/pingball.zip","(None)"
"Pink Man in Green","","","(None)"
"Pipeline:  Special Edition","WiL","p/pipe-se.zip","(None)"
"Pipeline","Question Mark/MDH","p/pipeline.zip","(None)"
"Piranha","Coolzx","p/Piranha.zip","(None)"
"Pirate Perils Remake","roastbeef","p/pirate-2.zip","(None)"
"Pirate Perils","DinoJosh","p/pirate.zip","(None)"
"Pizza Man","Scott Hammack","p/pizzaman.zip","(None)"
"Planet Lemmer Industries v2.0","Lemmer","p/pli2.zip","(None)"
"Planet X","Matt Thyler","p/planetx.zip","(None)"
"Planet X","MJT","p/planetxmjt.zip","(None)"
"Planets","Seven Seas Software","p/planets.zip","(None)"
"PLOT-LESS GAME","","","(None)"
"Plumber Pipes","tbot","p/ppipes.zip","(None)"
"Plunger: Super Etiquette","_ry0suke_","p/plunger.zip","(None)"
"Pokemon part 1","Jvalle1","p/ppart1.zip","(None)"
"Pokemon Ultimate 1","Nemesis","1a_zfonts/pkmult1.zip","(None)"
"PokΘmon Twin Pak!","Burakthebest","p/pokepak.zip","(None)"
"Police Quest","Unknown","c/cops.zip","(None)"
"Polyphobia Promotional Packet","dJfUrBy","p/polypro.zip","(None)"
"Pong Ball 2001","Unknown","p/pong2001.zip","(None)"
"Pop ver.2","tucan","p/pop.zip","(None)"
"Popcorn","Whirligig","p/popcorn.zip","(None)"
"Portal","Hermes","p/Portal-1.zip","(None)"
"Possessed ","Jojoisjo","p/possessed.zip","(None)"
"Post Apopleptic Chill","Hercules","p/pac.zip","(None)"
"Power 2","ZPower4","p/power2.zip","(None)"
"Power II","ZPower1 & ZZTurbo","p/powerii.zip","(None)"
"PPDVII","Viovis","p/ppdv2.zip","(None)"
"PPDV","Viovis","p/ppdv.zip","(None)"
"Predator","Spock","p/preddemo.zip","(None)"
"Prince of Neezlebutt","Man of Swine","p/prince.zip","(None)"
"Prison Center Of Hell","Unknown","p/p-c-h.zip","(None)"
"Prisoner","Question Mark Team","p/prisoner.zip","(None)"
"Prodigy","","p/prodigy.zip","(None)"
"Proffesor Q 1-4","Justin Quoss","p/profq.zip","(None)"
"Project G","yllek nadnerb","p/projectg.zip","(None)"
"Project Omega","James Holub","p/projdemo.zip","(None)"
"Project ZZT","Emon","p/ProjZZT.zip","(None)"
"Promise Demo A","_God_","p/pdemoa.zip","(None)"
"Prophecy","","p/propdemo.zip","(None)"
"Prophecy","","p/Prophecy.zip","(None)"
"Pshyco Sewer","ZZTurbo","s/sewer.zip","(None)"
"Psyche","Zenith","p/psyche.zip","(None)"
"Punctuation People","","p/punctu-p.zip","(None)"
"PUPeMON Gold:Half One!","","p/Pupegol1.zip","(None)"
"PUPeMON Gold:Half Two!","","p/pupegol2.zip","(None)"
"PUPeMON Gold:PUPeMON League Championship","","p/pupegold.zip","(None)"
"Pupemon Gold","Avi Schranz/Rin Rinox","p/pupegold.zip","(None)"
"Pupemon Silver Part One","Avi Schranz & Chris Shaft","p/pupesil1.zip","(None)"
"Pure Evil","Nuero","p/purevil.zip","(None)"
"Pure Funk","Soup","f/funk.zip","(None)"
"Purple Files II","","p/purple2.zip","(None)"
"Purple Files","","p/purple.zip","(None)"
"Puzzles and Mazes and More","Katherine Wade","p/puzmazmore.zip","(None)"
"Pynball","Dave2","p/pynball.zip","(None)"
"Pyramid","Steve Wooster","p/pyramid1.zip","(None)"
"Pythagoras","","p/pythagoras.zip","(None)"
"Q-world","end13","q/Q-world.zip","(None)"
"Quake","Robert Martinez","q/quake.zip","(None)"
"Qudditch Enhanced (Snozzlewanger Sport)","Fungus Shark","q/quidditch.zip","(None)"
"Quest 3-D","Nivek","1a_zfonts/quest3d.zip","(None)"
"Quest for Coronation 1: The Quest for the Golden Tiara","Michael Pallett-Plowright","t/tiara.zip","(None)"
"Quest for Glory","Hydra78","q/qfg.zip","(None)"
"Quest For Justice Demo","","q/qfjdemo.zip","(None)"
"Quest for the Immortals","Sander Pieterse","q/quest-im.zip","(None)"
"Quest for the Time Portal","Anomaly Games","t/timeport.zip","(None)"
"Quest of ZZT","RinGames","q/quest.zip","(None)"
"R.E.S.T.A.R.T","Raichu","r/restart.zip","(None)"
"R.T.H. Pointless Game","Evil Mario","r/rthpoint.zip","(None)"
"Raiders of the Lost Gem","Carlos DaSilva","r/raider.zip","(None)"
"Rainbow 3 ZZT Demo","Maullar_Maullar","r/r3demo.zip","(None)"
"Rainbow 6 Engine for ZZT","Maullar_Maullar","r/rainbow6.zip","(None)"
"Rainbow","KCJS","r/rainbow.zip","(None)"
"Ralph and Moran Demo","Where's Waldo","r/ralph-mo.zip","(None)"
"Ralph and Moran","Where's Waldo","r/ralph-mob.zip","(None)"
"Rat Race 2.6","yenrab","1a_zfonts/ratraceh.zip","(None)"
"Really Short Dungeon Game","","r/rsdg.zip","(None)"
"Realm Part 1","","r/realm.zip","(None)"
"Realm-B","Brian McFee","r/realm-b.zip","(None)"
"Rear Infection","ZZTDogbert","r/rearinfe.zip","(None)"
"Recollect","Nuero","r/recollct.zip","(None)"
"Red Isle","Oof","r/redisle.zip","(None)"
"Redcoats","Newt/Admiral","r/redcoats.zip","(None)"
"Redlight Zone","Hercules & Hydra","r/redlight.zip","(None)"
"Rednex Mech Battle","hellcamino","r/rdnxmech.zip","(None)"
"Rednex","Hell Camino","r/rednex.zip","(None)"
"Refridgerator Raider","Anthony Testa","f/fridgerad.zip","(None)"
"Regeneer Caverns","Theta14","r/Regeneer.zip","(None)"
"Relocation","Parasite","r/relocation.zip","(None)"
"Remotely Puzzle-like","Jimmy Mathews","p/Puzzlike.zip","(None)"
"Reptile House #1","Draco","r/reptile1.zip","(None)"
"Reptile House Mag #2","dexter","r/reptile2.zip","(None)"
"Resident Alex","Maullar_Maullar","r/resalex.zip","(None)"
"Resident Evil","bucket","r/RE.zip","(None)"
"Return of ZZT","","t/tim0.zip","(None)"
"Revenge of Your Death","Lord Igsel","r/roydeath.zip","(None)"
"Revenge","RastsaK","r/revenge.zip","(None)"
"Revival","Jhen","r/Revival.zip","(None)"
"Rhygar 1 plus","Bongo79","r/rhg1plus.zip","(None)"
"Rhygar 2","Bongo79","r/rhygar2.zip","(None)"
"Rhygar 3 Demo 2","Bongo79","r/rhg3dem-2.zip","(None)"
"Rhygar 3 Demo","Bongo79","r/rhg3demo.zip","(None)"
"Rhygar 3 Original Soundtrack","King Og","r/rtracks.zip","(None)"
"Rhygar 3","Bongo79","r/rhygar3.zip","(None)"
"RinGames Music Shrine","RinGames","1a_zmusic/rgmusiczzm.zip","(None)"
"RinGames Music Shrine","RinGames","r/rgmusic.zip","(None)"
"Rings of the Elements 2","Gregory Teodoro","r/rings2.zip","(None)"
"Rings of the Elements","Gregory Teodoro","r/rings1.zip","(None)"
"Ripped Off 2","ZZTbenco","r/roff2.zip","(None)"
"Ripped Off 3","ZZTbenco","r/ripoff3.zip","(None)"
"Ripped Off","ZZTBenco","r/ripped.zip","(None)"
"Rippled Flesh","2378TCDD","r/ripflesh.zip","(None)"
"River City","jojoisjo","r/rivercityb.zip","(None)"
"Rivercity Demo","jojoisjo","r/rivercity.zip","(None)"
"Roach Motel","tseng","r/rmotel.zip","(None)"
"Road 2 Heaven","Viovis","h/heaven.zip","(None)"
"Robots of Gemrule","Greg Janson","r/robot.zip","(None)"
"RoboWorld","Warp Zone","r/robo.zip","(None)"
"Rocket XNight1","KuoYen Lo","r/rxnight1.zip","(None)"
"Role Play","Evan Darrow","r/roleplay.zip","(None)"
"Rolie the Polie Demo","Lil PB","r/roliedem.zip","(None)"
"Rolie the Polie ZZT","Lil Pee Brain","r/roliefull.zip","(None)"
"Rontor","zztwizard","r/rontor.zip","(None)"
"RPG Demo","God","r/rpg_dmo2.zip","(None)"
"RPG","God","r/Rpgdemo.zip","(None)"
"Ruby of Resseurection","Carlos DaSliva","1num/3g-ruby.zip","(None)"
"Ruffia","Aaron Peterson","r/ruffia.zip","(None)"
"Run-on V2.4","","r/run-on2.zip","(None)"
"RUN-ON","","r/run-on.zip","(None)"
"Runner","Dsone","r/Runner.ZIP","(None)"
"Runtime Errors","Unknown","r/runtime.zip","(None)"
"Rush","tricky","r/rush.zip","(None)"
"Ryosuke's Art","_Ryosuke_","r/ryoart.zip","(None)"
"Ryosuke's Upcoming Shit","Ryosuke","p/Pretty~1.zip","(None)"
"Sailor Moon Destroyer v1.11","Raichu","s/sm-dstry.zip","(None)"
"Sailor Moon Destroyer X 2","Raichu","s/smdx2.zip","(None)"
"Sailor Moon Destroyer ","Raichu","m/moondemo.zip","(None)"
"Sailor Moon Shooter","Mew","s/sm-sht.zip","(None)"
"Sailor Moon","Unknown","s/smoon.zip","(None)"
"Sailroo/Blue","Misteroo","1a_zfonts/srblue.zip","(None)"
"Saint Shooters","RinGames","s/shootdem.zip","(None)"
"SaintZZT 3rd","RinGames","s/szzt3dem.zip","(None)"
"SaintZZT 3rd","RinGames","s/szzt3rd.zip","(None)"
"SaintZZT 4th","RinGames","s/szzt4th.zip","(None)"
"SaintZZT 5th Ver B ZZTurok (EXPPACK)","RinGames","s/Szzt5new.zip","(None)"
"SaintZZT 5th","RinGames","s/sazzt5.zip","(None)"
"SaintZZT 7th Enhanced","RinGames","s/szzt7eh.zip","(None)"
"SaintZZT 7th","RinGames","s/sazzt7.zip","(None)"
"Sam Spade Demo","albino","s/samspade.zip","(None)"
"Sanity (Demo v1.0)","","s/Sanitdem.zip","(None)"
"Satan","Mark Viola","s/satan.zip","(None)"
"Savage Isle","Hercules","s/sav-isle.zip","(None)"
"Save Point Engine","ZZTyrant","s/savepnt.zip","(None)"
"School Sucks 6","Brian McFee","p/part6.zip","(None)"
"School Sucks 7","Michael Szal","s/ss7.zip","(None)"
"School Sucks Anthology","","","(None)"
"School Wars","PC Pirate","s/school.zip","(None)"
"School ZZT","stampede76","s/schoolzzt.zip","(None)"
"Scooter","gerbil","s/scooter.zip","(None)"
"Scorched Earth Engine","","t/theengine.zip","(None)"
"Scorched Earth Engine","Jacob Hammond","s/scorchede.zip","(None)"
"Score!","","s/score.zip","(None)"
"Scramble Dash Dungeons","Surfer0","s/scrmdash.zip","(None)"
"SCREAM!","Jordan Radloff","s/scream.zip","(None)"
"Scribbit's Mini Game 2","Scribbit","e/edgosan.zip","(None)"
"Search for Dr. Weird","","d/drweird.zip","(None)"
"Search for Justice","","s/search.zip","(None)"
"Search For The Lost Brother","","s/SFLB-P1Demo.zip","(None)"
"Search For the Lost Dog","","1a_szzt/ldog.zip","(None)"
"Search/Quest for the Floating Isle","paul falcon","f/floating.zip","(None)"
"Second Earth","CoolZx","s/searth.zip","(None)"
"Secret Agent Joe Moe","Jmstuckman","j/joemoe.zip","(None)"
"Secret Agent of ZZT","he_the_great","a/agent1.zip","(None)"
"Secret Agent ZZT","John Shipley","a/agent15.zip","(None)"
"Secret Camera Demo","Parasite","s/secretcd.zip","(None)"
"Secret of Frost","Stephen Burett","s/sof.zip","(None)"
"Secret of Kelmar Remix (DEMO)","ZZTReaper","s/sokdemo.zip","(None)"
"Sedimental Worries Graphical Enhancement","Viovis/Zenith","z/zenworry.zip","(None)"
"Sensu Trait","","s/Sensu.zip","(None)"
"Serenade","DarkFLR","s/serenade.zip","(None)"
"Series-A","3IdNOOW","s/Series-a.zip","(None)"
"Series-A","3IdNOOW","s/Series-A2.zip","(None)"
"Series-A","Moonpie","s/series-a3.zip","(None)"
"seven short and stupid games","Psychomania Productions","s/seven.zip","(None)"
"Sewers of ZZT","Tomas Guinan","s/sewers.zip","(None)"
"SFB Demo","NMZmaster","s/sfbdemo.zip","(None)"
"Shades of Gray","Flimsy","s/ShadesofGrey.zip","(None)"
"Shaft Today i. 1","","s/Shafti.zip","(None)"
"Shake:The Mystical Hamster","Team SmileyX","1a_zfonts/shake.zip","(None)"
"Shining Forse:Rising Hero","paul falcon","s/shine2.zip","(None)"
"Ship Invaders","Nzenik","s/shipinva.zip","(None)"
"Shooting Gallery","Eurakarte","s/shooting.zip","(None)"
"Shut Up2","difp/darkmage","s/shutup2.zip","(None)"
"Shut Up","difp/darkmage","s/shutup.zip","(None)"
"Signal","","s/signal.zip","(None)"
"Silence","LowerVP","s/silence.zip","(None)"
"Silent ZZT Demo","Wong Chung Bang","s/silentdem.zip","(None)"
"Silly Fun!","Benco","s/sillyfun.zip","(None)"
"Sim MFO SE","FishFood & Lord Igsel","s/simfose.zip","(None)"
"Sim Real Estate Salesman","MaullarMaullar","r/realty.zip","(None)"
"Sim Thief","AKElectron","s/simthief.zip","(None)"
"sim-#darkdigital III","jawatrader","s/simdd3.zip","(None)"
"Simpsons 2","","s/simpson2.zip","(None)"
"Simpsons","","s/simpsons.zip","(None)"
"Sivion","Monthigos","s/sivion.zip","(None)"
"Six Silver Gems","Claudio Leite","1a_zfonts/ssg.zip","(None)"
"Sketch The MP3 Monkey: A Monkey on a Mission","Insane Moose","s/Sketch.zip","(None)"
"Skin","ZZTyrant","s/skin.zip","(None)"
"Sky Guide","Viovis","s/skigimag.zip","(None)"
"Slam the raving Nutta","Blake Walker","s/slamdemo.zip","(None)"
"Sled Chickens of the North","Unknown","s/sled.zip","(None)"
"Sleuth","Chris Kohler","s/sleuth.zip","(None)"
"Slighty Morphine Power Rangers","Keebler","s/smpr.zip","(None)"
"Slim Fast Commercial that Didn't make it","","s/slimfast.zip","(None)"
"Smack (Demo)","La Roche","l/lrSMACKdemo.zip","(None)"
"Smash or be Smashed","Nivek/Choco","s/smash.zip","(None)"
"Smef: The Story of Canadian Joe","","s/smef.zip","(None)"
"Smiley Guy (remake)","Zenith","s/smiley.zip","(None)"
"Snowballs","Chris Jong","s/snowball.zip","(None)"
"So","","h/heropack.zip","(None)"
"Solar Quest","GameMstr1","s/squest.zip","(None)"
"Sombrero","Dark FLR","s/Sombrero.zip","(None)"
"Sonic Adventure ZZT Beta","MYoshiH","s/sazzt.zip","(None)"
"Sonic the Hedgehog Demo","MyuuKNUX","s/sonic1d.zip","(None)"
"Sonic the Hedgehog ZZT Blast","OrangeFox","s/sonic_b.zip","(None)"
"Sorve:First Blood","Stephen Williams","s/sorvedem.zip","(None)"
"South Park ZZT Beta","MYoshiH Productions","s/SParkZZT.zip","(None)"
"South Park","Apple McTom","s/southpark.zip","(None)"
"sp@ng@s","Zenith","s/sp@ng@s.zip","(None)"
"Space 1-6","Flatcoat Lab","s/spacess.zip","(None)"
"Space Capsule","The Tantrum","c/capsule.zip","(None)"
"Space Case","Jason Parker","s/spcecase.zip","(None)"
"Space Code 1 Beta version","Wild Thang","s/spcode.zip","(None)"
"Space Crud Adventure 5","Weaselfeathers","s/scv.zip","(None)"
"Space Crud Adventure 6","Weaselfeathers","s/scvi.zip","(None)"
"Space Crud Adventure 7 Disk 2 Demo","WeaselFeathers","s/ssca7d2dem.zip","(None)"
"Space Crud Adventure 7","Weaselfeathers","s/scvii.zip","(None)"
"Space Escape","Scrubba150","s/Spaceesc.zip","(None)"
"Space Fighter: Mercenary 2","DarkMage","s/sfm2.zip","(None)"
"Space Fighter: Mercenary","Nivek","s/spaceftr.zip","(None)"
"Space Ghost","HeRb","s/sgc2c.zip","(None)"
"Space Invaderz","2378TCDD","s/sizzt.zip","(None)"
"Space Invasion 2000","Theta14","i/invade2k.zip","(None)"
"Space Prison 2050","ZZTurbo","s/spacep.zip","(None)"
"Space Quest 1","Cameron Currie","s/sqstory.zip","(None)"
"Space Sider","Mysterio 3000","s/spaces.zip","(None)"
"Space Time is Now Demo","StarDreamer","s/spacenow.zip","(None)"
"Space Trek","James Holub","1a_szzt/trek.zip","(None)"
"Space Wars","Robert Martinez","s/spacewar.zip","(None)"
"Spaced Out!","Burakthebest","s/spacedo.zip","(None)"
"Space","Unknown","s/space.zip","(None)"
"Spamland","Brian Palmer","s/spamland.zip","(None)"
"Sparrow - Return to Earth","Question Mark Team","s/sparrow.zip","(None)"
"Speed Racer X 2","Ed","r/racerx2.zip","(None)"
"Speed Racer X","Smiley X (Ed)","r/racerx.zip","(None)"
"Splat Paint","Clecky & Cheez Munky","s/splatpaintfix.zip","(None)"
"Spork Man 2 Demo","Pyro","s/sporkman.zip","(None)"
"Squink!","Scott Miller","s/squink.zip","(None)"
"StaidSoft Mag #1","Maullar_Maullar","s/staidmag.zip","(None)"
"StaidSoft's Greatest Hits: User's Manual","MaullarMaullar","s/staidhits.zip","(None)"
"Stairway to Da Hood","tseng","s/stairway.zip","(None)"
"Star Dorks","Patrick Hustis","s/strdorks.zip","(None)"
"Star Fighter: Version 1.1","Bloodstar64","s/Starfighter.ZIP","(None)"
"Star Fighter","Bloodstar64","s/starfighter.zip","(None)"
"Star Guarder","John Shipley","s/s-guard.zip","(None)"
"Star Heck","Brian McFee","s/strheck.zip","(None)"
"Star Wars Episode VII Demo","NMZmaster","s/swepviidem.zip","(None)"
"Star Wars Episode VII","NMZmaster","s/SWEVII.zip","(None)"
"Star Wars Main Theme","Matt Thyer","1a_zmusic/starwars.zip","(None)"
"Star Wars Mode","CLAbles","1a_zfonts/starcom.zip","(None)"
"Star Wars: Dark Jedi Demo","Fungus Shark","c/cswdemo.zip","(None)"
"Star Wars","Unknown","s/sw.zip","(None)"
"Starbase","Jesse Chang","s/starbase.zip","(None)"
"StarFire","TheTantrum","s/starfire.zip","(None)"
"Starship Troopers","Spock","t/troope~1.zip","(None)"
"Starship","Bill Meeks","s/starship.zip","(None)"
"Stasis Qube Unfinished","tseng","s/sqube.zip","(None)"
"Station 101","Scribbit","1num/101demo.zip","(None)"
"Station 202","Scribbit","1num/202.zip","(None)"
"Station Z","Carlos Berreto Jr.","s/stationz.zip","(None)"
"Steel Commando: A Soldier In Training","Quintez D. Goodrum","s/steelcom.zip","(None)"
"Stick Up","chelsmels49","s/stickup.zip","(None)"
"Stickman Comix Game File 1","Maullar_Maullar","s/stick1.zip","(None)"
"Stinky the Sock Munching Ocelot","tucan","s/stsmo.zip","(None)"
"Stolen Gems","","g/gems.zip","(None)"
"Stone Cold","tseng","s/stnecold.zip","(None)"
"Story of Bob","","b/Bob.zip","(None)"
"Stranded","Evan Furchtgott","s/stranded.zip","(None)"
"Strange Trek 1","Scott Hammack","s/strek1.zip","(None)"
"Strange Trek 2","Scott Hammack","s/strek2.zip","(None)"
"Strange","Suzy T.","s/strange.zip","(None)"
"Stratego","","s/stratego.zip","(None)"
"Streets","","s/streetsb.zip","(None)"
"Stupid RPG 1-3","Knightt","s/srpg123.zip","(None)"
"Stupid RPG Disc Two: Silver Silicon Cartridge Edition","Knightt","s/srpgd2ssce.zip","(None)"
"Stupid RPG Disc Two","Knightt","s/srpg-d2.zip","(None)"
"Stupid RPG: File One Complete","Knightt","s/Srpggggg.zip","(None)"
"Stupid RPG: Third Flavor Demo","Knightt","s/srpgish.zip","(None)"
"Stupid RPG: Third Flavor","Knightt","s/srpgtf.zip","(None)"
"Stupid RPG:ssce","Knightt","s/srpgsilv.zip","(None)"
"Stupid RPG","Knightt","s/srpg-zzt.zip","(None)"
"Stupid the Dog","ZZT98","s/stupidog.zip","(None)"
"Subterranian Quest","Nomad","s/subquest.zip","(None)"
"Suicide","Vampy","s/suicide.zip","(None)"
"Super Agent Chronicles","Chewy604","s/sac.zip","(None)"
"Super Mario RPG","Daemon Lotos","m/mariorpg.zip","(None)"
"Super Mario ZZT: Side-scroller","DJ Furby","m/marioss.zip","(None)"
"Super Mario ZZT","Michael Crowley","s/smario1.zip","(None)"
"SuperBowl: A Mini Game","Apple McTom","s/Superbowl.zip","(None)"
"SuperZZT Tools","hm","1a_szzt/szttools.zip","(None)"
"Survival","Unknown","s/survival.zip","(None)"
"Survivor ZZT Episode 1","Ringworm","s/Survivor1.zip","(None)"
"Sweden","end13","s/Sweden.zip","(None)"
"SZZT RPG Soundtrack","Theta14","1a_zmusic/rpgsound.zip","(None)"
"T2 vs. Barney","Keebler","t/t2barney.zip","(None)"
"Tales of Phantasia","LordE'lrond III","p/phantasia.zip","(None)"
"TeaTime! ZZT SE","Bocco11","1a_zfonts/teatime2.zip","(None)"
"Teatime! ZZT","Bocco11","1a_zfonts/teatime.zip","(None)"
"Teddydog","stup","t/teddydog.zip","(None)"
"Teen Priest 2","Draco","t/tp2.zip","(None)"
"Teen Priest","Draco","t/teen.zip","(None)"
"Terminator 2","Even Darrow","t/t2.zip","(None)"
"Test 101","DarkShadow","t/test101.zip","(None)"
"Testing","Besky@Aracnet.com","t/testing.zip","(None)"
"Tetris (Music Type A)","spounds","1a_zmusic/zzmtris.zip","(None)"
"TGIP Paintball Demo Version","Nuero","t/tgipball.zip","(None)"
"TGM #1","Nuero","t/tgm01.zip","(None)"
"The Akim Magazine","D.","a/apzine.zip","(None)"
"The Akim Prod Arcade V1.0","Dsone","a/AkimArcade.zip","(None)"
"The Hague: City behind the Dunes","Hercules and Hydra","t/thehague.zip","(None)"
"The hall of stuff","Benjamin Lawrence","h/hall.zip","(None)"
"The Land of Where?","he_the_great","w/where.zip","(None)"
"The Legend Of Bob","Dsone","l/legend.zip","(None)"
"The Maze of No Return","Scott Kearney","m/maze.zip","(None)"
"The Moonpie Treat","Moonpie","m/Moonpie.zip","(None)"
"The Most Ancient Atrocity Part I","Joseph Austin","m/maa1.zip","(None)"
"The realmz","tharxpiolit","r/realmz.zip","(None)"
"The Rose","WiL","t/therose.zip","(None)"
"The Ultimate Game","wonder","u/Ultimate.zip","(None)"
"Theta Mag #3","Theta Productions","t/theta003.zip","(None)"
"ThetaMag #1","Theta14 and Omega","t/thetamag1.zip","(None)"
"ThetaMag #2","Theta Productions","t/thetamag2.zip","(None)"
"Thing 2.0","JM","t/thing.zip","(None)"
"Things","","t/the_things.zip","(None)"
"This is a","Lord Igsel & FishFood","t/thisisa.zip","(None)"
"Three Trials","Greg Janson","1num/3trials.zip","(None)"
"Thug in Space 3","MacroSoft","t/thug3.zip","(None)"
"Thug Life: Can You Handle The Crime?","Master Raze/Rasel Noor","t/thuglife.zip","(None)"
"Thug Life: Demo Version","Rasel Noor/Master Raze","t/thugdemo.zip","(None)"
"Thug Life: Special Edition","Master Raze","t/thuglife_se.zip","(None)"
"Tic Tac Toe","Jay Anderson","t/tic-tacj.zip","(None)"
"Tic Tac Toe","JoE","t/TTT.zip","(None)"
"Tim City","Bill Meeks","t/timcity1.zip","(None)"
"Tim Ruff","Micr0wave","t/timruff.zip","(None)"
"Time Wars 1 Demo","Micheal Gaddass","1a_zfonts/timewarsdem.zip","(None)"
"Time:DTC","Craig Boston","t/timedtc.zip","(None)"
"Title Screen Collection","Viovis","t/tscv1.zip","(None)"
"Today Is Monday","voighdt","1num/7monday7.zip","(None)"
"Toilet of Zzt","Fungus Shark","t/Toilet.zip","(None)"
"Tomb Raider: Pyramid of Power","Sci Freak","t/tomb.zip","(None)"
"Too Drunk","_ry0suke_","t/toodrunk.zip","(None)"
"Toolkit Collection","Noboyuki","t/avtools.zip","(None)"
"Total Annoyance","Tenguman2k","u/UGH.zip","(None)"
"Total Chaos","DarkShadow","t/tc.zip","(None)"
"Totally Twisted ZZT","A.Smith ","t/twistd.zip","(None)"
"Touchdown!","Apple McTom","t/touchdown.zip","(None)"
"Tough","Matt Dujnic","t/tough.zip","(None)"
"Tower of ZZT","Wong Chung Bang","t/towerzzt.zip","(None)"
"Town of Akim 2","Jeshul","a/Akim2.zip","(None)"
"Town of Akim","Jeshul","t/takim.zip","(None)"
"Town of GW","Mysterio","t/towngw.zip","(None)"
"Trailer Park ZZT","Earnest Smith","t/trailer.zip","(None)"
"Train Man","Billtcm","t/trainman.zip","(None)"
"Traveler Demo","Joshua Rambo","t/travdem.zip","(None)"
"Treasure Hunter","eJECTION13","h/hunter1.zip","(None)"
"Treasure Island Dizzy","Zenith","t/tidizzy.zip","(None)"
"Triad","Alistair Davidse","t/triadb.zip","(None)"
"Tribe II: Arrival of Zoot","","t/tribe2.zip","(None)"
"Tribe","","t/TheTribe.zip","(None)"
"Trigger Demo","Ultima","t/triggerdemo.zip","(None)"
"Triple Weird","Scott Hammack","t/tweird.zip","(None)"
"Trist the Elf","Robert Pragt","t/trist.zip","(None)"
"Turmoil","clysm","t/turmoil.zip","(None)"
"Tut's Tomb Legends: Disc One","Ringworm","t/tutstomb1.zip","(None)"
"Tut's Tomb Legends: DISC TWO","Ringworm","t/ttl2.zip","(None)"
"Tut's Tomb:SE","Lame Game","t/tut.zip","(None)"
"TV","Unknown","t/tv.zip","(None)"
"Twisted Castle of ZZT","","t/tcastle.zip","(None)"
"Twisted Fate","Kadro","t/twfate.zip","(None)"
"Twisted RPG","El_Barto","1a_zfonts/twistrpg.zip","(None)"
"Twisted ZZT","tucan","1a_zfonts/newlook.zip","(None)"
"Uddie Blade:I","Robovine","u/udd.zip","(None)"
"Ultra Wack","Zenith","u/ultraw.zip","(None)"
"Under World Legends","Emon","u/UWL.zip","(None)"
"Unfinished Business","","r/ringworm.zip","(None)"
"Untitled","Flimsy","u/Untitled.zip","(None)"
"Upside Demo","BroKen/PhoenixSOFT","u/usdemo.zip","(None)"
"Urinade","Mrs. Claus","u/urinade.zip","(None)"
"Urk","Ian McMahon","u/urk.zip","(None)"
"Verdammen Alles II","Viovis","v/valles2.zip","(None)"
"Viking ZZT","CoolZx","v/viking.zip","(None)"
"Virus 302","Spazm0016","v/virus302.zip","(None)"
"Vision Tech #1","Vision Tech","v/vt1.zip","(None)"
"Visual Height Demo","Datsun1958","v/visuald.zip","(None)"
"Vork's 7 Episode 1:  Escape From Crazytown","Vork","c/crazydmo.zip","(None)"
"Voyage of Four","WiL","v/vo4.zip","(None)"
"Voyage to Nowhere +STK","Wong Chung Bang","v/VTNSTK.zip","(None)"
"VR Adventure","Unknown","v/vr.zip","(None)"
"Vs Blues Clues MST3K Edition Demo","ZZTMan5","v/VBCMiST3k.zip","(None)"
"Wacky World History 1","lemmer and viovis","h/hisrtory.zip","(None)"
"Warcraft","Justin G.","w/warcra~1.zip","(None)"
"Warlock Domain","Alan Chan","w/warlock.zip","(None)"
"Warlord's Temple","Matt Williams","w/wtemple.zip","(None)"
"Wartorn 2","Madguy","w/wt2demo.zip","(None)"
"Wartorn","Madguy","w/wartorn.zip","(None)"
"Water World","Unknown","w/waterwld.zip","(None)"
"Wayne's World Hockey","Justin Quoss","w/waynes.zip","(None)"
"Weird Adventure","","","(None)"
"Weird Adventure","","w/weird2.zip","(None)"
"Weird World 0.01","Unknown","w/weird01.zip","(None)"
"Weird World 0.03","Unknown","w/weird03.zip","(None)"
"WeirdGames","Alec Scharf","w/wierdgam.zip","(None)"
"Weirdness Conspiricy","Chris H.","w/WEIRDCON.zip","(None)"
"WeirdVille - Original AOL version","Kid Vid2","w/WEIRD..zip","(None)"
"welcome to hell","tseng","w/wth.zip","(None)"
"What happened to Clinton","Ultrasal","c/Clinton.zip","(None)"
"What's new in the city of Insane Inc.?","Insane Moose","i/insanemag1.zip","(None)"
"When East Met West: The Pact of Steel","Halogen185","a/Atomic.zip","(None)"
"When East Met West: The Phoenix Reich","Halogen185","p/pheonix.zip","(None)"
"Who Wants To Be On A Gameshow Demo","BroKen","g/gsdemo.zip","(None)"
"Why is 6 Afriad of 7","Corey Garriott/Mark McIntyre","y/Y687.zip","(None)"
"Why The Mickey Mouse Club Show Was Cancelled","Nuero","w/wtmmcsws.zip","(None)"
"WidderShins Version 3 Demo","Matthew Vecchio","w/Widder.zip","(None)"
"Wierd Al's Dream","Bob D. Janitor","w/waydream.zip","(None)"
"WIETH (demo)","bucket","w/wieth.zip","(None)"
"Wild Chase","","c/chasev12.zip","(None)"
"Wild Thang Demo","Wild Thang","w/wildthang.zip","(None)"
"Wils Best :: Atrocity","Atrocity/WiL","1a_zmusic/ZZMX.zip","(None)"
"Winders 98","Insom","w/Windows.zip","(None)"
"Windu","dark_visions","w/Windu.zip","(None)"
"Winter Worlds","Greg Edwards","w/wntrwrld.zip","(None)"
"Winter","Adam Parrish","w/winter.zip","(None)"
"Wise Man 2","","w/wiseman2.zip","(None)"
"Wise Man","","w/wiseman.zip","(None)"
"Witch's Curse","Leamas","w/Witcurse.zip","(None)"
"Within v1.9","wayward","w/within19.zip","(None)"
"Within","wayward","w/within.zip","(None)"
"Wizard's Aprentice","Spock","w/wizard.zip","(None)"
"Wizard's Tale","Jeff Conroy","w/wtale.zip","(None)"
"World","Wil","w/world.zip","(None)"
"Worx","Dexter","w/worx.zip","(None)"
"WWF King of the Ring","Unknown","w/wwfkotr.zip","(None)"
"WWF: Total Carnage Demo","Master Raze","w/wwf-tc_demo.zip","(None)"
"X race","Nuero","x/x_race.zip","(None)"
"X-Caliber 2030 (Update)","benco","x/xcal2030u.zip","(None)"
"X-Caliber 2030","ZZTbenco","x/xcal2030.zip","(None)"
"X-Files","Ed Mueller","x/x-files.zip","(None)"
"X-Men","Unknown","x/xmen.zip","(None)"
"Xanth","Sean Hunt","x/xanth.zip","(None)"
"xod","dexter","1a_zfonts/xod.zip","(None)"
"Y2K: Year of Hell Demo","El Capitan","y/y2kyhdmo.zip","(None)"
"Y2K","Andrew MacNamee","y/y2k.zip","(None)"
"Yapok Sundria","Daniel Haug","y/yapok.zip","(None)"
"Yellow Dwarf","Vork","y/ylwdwarf.zip","(None)"
"Yindle","CJ","y/yindle.zip","(None)"
"Yoshi 1","Chris M. Kohler","y/yoshi1.zip","(None)"
"Yoshi 2","Chris M. Kohler","y/yoshi2.zip","(None)"
"Yoshi 3","Chris M. Kohler","y/yoshi3.zip","(None)"
"Yoshi 4","Chris M. Kohler","y/yoshi4.zip","(None)"
"Yoshi Adventure","Dustin Hubbard","y/yoshiadv.zip","(None)"
"Yoshi's Island 1","tucan","i/island1.zip","(None)"
"Yoshi's Island 2","tucan","i/island2.zip","(None)"
"Yoshi's Road Apple","Chris Kholer","y/yoshira.zip","(None)"
"You Must Die! Demo","ZZTyrant","d/diedemo.zip","(None)"
"You vs. Stupidity 1","AKneutron","y/youvsstu.zip","(None)"
"You vs. Stupidity 2","AKWare","1a_zfonts/yvs2.zip","(None)"
"Your Rich","","","(None)"
"Z-Out","Smiley","z/z-out.zip","(None)"
"Z-Wonk","Scribbit","z/Zwonk.zip","(None)"
"Zap Attack","Software Visions","z/zapattck.zip","(None)"
"ZapZak in Epsilon 9","Tim Gallagher","z/zapzak.zip","(None)"
"ZAT","Zan Butler","z/zat.zip","(None)"
"ZCW","Andrew Maiman","z/zztchal.zip","(None)"
"Zelda Demo","Jeremiah Lankford","z/zeldadem.zip","(None)"
"Zem! 2 Level Pack","Newt","z/zem2-lvl.zip","(None)"
"Zem! 2","Newt","z/zem2.zip","(None)"
"Zem! ","Newt","z/zem.zip","(None)"
"Zero FX","KCJS","z/zerofx.zip","(None)"
"ZIG Arena gold","","","(None)"
"ZIG Internet Level Pack 1","","zig/mplayer.zip","(None)"
"ZMP","Lord Igsel","z/zmp.zip","(None)"
"Zone 10","Chris Jong","z/zone10.zip","(None)"
"ZPower 1","Carlos Barreto","z/zpower1.zip","(None)"
"ZPower 2","Carlos Barreto","z/zpower2.zip","(None)"
"ZPower 4","Carlos Barreto","z/zpower4.zip","(None)"
"ZT","Vampy","z/zt.zip","(None)"
"Zyth","ChromeDragon","z/Zyth.zip","(None)"
"ZZFreak","ZZFreak","z/zzfreak.zip","(None)"
"ZZT 3-D Maze","JMStuckman","m/maze3d.zip","(None)"
"ZZT Arcades","KuoYen","z/zztarc1.zip","(None)"
"ZZT Challenge World","","c/Challenge.zip","(None)"
"ZZT Christmas Special","Jmstuckman","x/xmas00.zip","(None)"
"ZZT Convention Demo","","z/zztcon.zip","(None)"
"ZZT Crime V3","Wong Chung Bang","z/zztcrmv3.zip","(None)"
"ZZT Crime V4","Wong Chung Bang","z/zztcrime.zip","(None)"
"ZZT Crime V5","Wong Chung Bang","c/crime.zip","(None)"
"ZZT Dizzy Games","","d/dizzyzzt.zip","(None)"
"ZZT Editor Trainer","Herbie Piland","i/ia.zip","(None)"
"ZZT Episode 15 - The Search for the Lost Brother","Paul Smart","s/SFLB.zip","(None)"
"ZZT Help Kit","Justin Tenuto","z/zztkit.zip","(None)"
"ZZT Help","Matt Williams","z/zzthelp.zip","(None)"
"ZZT Journey Part 1","Steven Wade","z/zjourney1.zip","(None)"
"ZZT Journey","","z/zzt_journey.zip","(None)"
"ZZT Lanes","Kohler Prod./treMOR prod. ","z/zlanes.zip","(None)"
"ZZT Learner","Mike Smith","z/zztlearn.zip","(None)"
"ZZT Movie","Redmage","z/zztmovie.zip","(None)"
"ZZT Objects","SMB/KAB","o/objects.zip","(None)"
"ZZT Ping Pong","Clecky","z/pingpong.ZIP","(None)"
"ZZT Puzzles","Steven Wade","p/puzzlesb.zip","(None)"
"ZZT Romp","lemmer","z/zztromp3.zip","(None)"
"ZZT Sports","WildkarrdeX & Fishfood","s/sport.zip","(None)"
"ZZT Syndromes","Barjesse","s/syndrome.zip","(None)"
"ZZT Theater","The Stag","t/theater.zip","(None)"
"ZZT Times","tucan","t/times.zip","(None)"
"ZZT TV Version 1.2","Dr.J2000","t/TV1-2.zip","(None)"
"ZZT Warriors 1","Breakout","w/warrior1.zip","(None)"
"ZZT Warriors 2","Breakout","w/warrior2.zip","(None)"
"ZZT Warriors 3","Breakout","w/warrior3.zip","(None)"
"ZZTeam 1","ZZTurbo","z/zzteam1.zip","(None)"
"ZZTeam 2","ZZTurbo","z/zzteam2.zip","(None)"
"ZZTeam 3","ZZTurbo","z/zzteam3.zip","(None)"
"ZZTeam 5","ZZTurbo","z/zzteam5.zip","(None)"
"ZZTeam 6","ZZTurbo","z/zzteam6.zip","(None)"
"ZZTeam 7","ZZTurbo","z/zzteam7.zip","(None)"
"zztennis: demo","teenspirit","z/Zztennis.zip","(None)"
"ZZTips","DudeWorks","z/zztips.zip","(None)"
"ZZTKewl Font","DMSoft","1a_zfonts/kewl.zip","(None)"
"ZZTRB","Mew/razorblade","z/Zztrb.zip","(None)"
"ZZTris","Masamune","z/zztris.zip","(None)"
"ZZTurbo/ZPower","ZZTurbo","z/zzp1996.zip","(None)"
"ZZTutor","GameMstr1","z/zztutor.zip","(None)"
"ZZTV 1","Dark FLR","z/zztv-1.zip","(None)"
"ZZTV 2","Dark FLR","z/zztv2.zip","(None)"
"ZZTV 3","Dark FLR","z/zztv3.zip","(None)"
"ZZTV 4","Zenith","z/zztv4.zip","(None)"
"ZZTV 5","Zenith & Others","z/zztv-5.zip","(None)"
"ZZTV 6","Zenith & Others","z/zztv6.zip","(None)"
"Zzyzx","Jason Silverstein","z/zzyx.zip","(None)"
"ZZZine 1","Nzenik","z/zzzine1.zip","(None)"
"ZZZine 2","Nzenik","z/zzzine2.zip","(None)"
"[sic]","zorkboy","s/sic.zip","(None)"
